{"stats":{"minecraft:used":{"alexsmobs:maggot":3,"minecraft:stone_pickaxe":26,"minecraft:spruce_planks":2,"minecraft:wooden_pickaxe":26,"minecraft:spruce_sapling":6,"minecraft:stone_axe":15,"minecraft:rotten_flesh":3,"minecraft:torch":2,"minecraft:wooden_sword":39,"minecraft:dirt":15,"minecraft:cobblestone":9,"minecraft:crafting_table":2,"minecraft:sweet_berries":24,"minecraft:porkchop":2,"alexsmobs:animal_dictionary":2},"minecraft:custom":{"minecraft:time_since_rest":3188,"minecraft:interact_with_furnace":11,"minecraft:sprint_one_cm":83270,"minecraft:damage_taken":1916,"minecraft:walk_one_cm":118407,"minecraft:mob_kills":9,"minecraft:drop":2,"minecraft:damage_dealt":1425,"minecraft:player_kills":1,"minecraft:interact_with_crafting_table":25,"minecraft:fly_one_cm":53608,"minecraft:play_time":35788,"minecraft:crouch_one_cm":177,"minecraft:deaths":6,"minecraft:sneak_time":250,"minecraft:walk_under_water_one_cm":2375,"minecraft:jump":484,"minecraft:leave_game":2,"minecraft:time_since_death":3150,"minecraft:walk_on_water_one_cm":3385,"minecraft:total_world_time":35788,"minecraft:fall_one_cm":15492},"minecraft:killed_by":{"minecraft:player":1,"minecraft:cave_spider":1,"minecraft:skeleton":2,"minecraft:creeper":1},"minecraft:crafted":{"minecraft:wooden_sword":1,"minecraft:crafting_table":1,"minecraft:spruce_planks":48,"minecraft:stick":16,"minecraft:wooden_pickaxe":2,"minecraft:stone_pickaxe":2,"minecraft:stone_axe":1},"minecraft:dropped":{"minecraft:spider_eye":2},"minecraft:mined":{"minecraft:large_fern":1,"minecraft:spruce_planks":2,"minecraft:spruce_sapling":5,"minecraft:furnace":1,"minecraft:sweet_berry_bush":27,"minecraft:spruce_log":27,"minecraft:crafting_table":1,"minecraft:torch":2,"minecraft:grass":3,"minecraft:grass_block":1,"minecraft:dirt":2,"minecraft:spruce_leaves":7,"minecraft:stone":45,"minecraft:fern":4},"minecraft:killed":{"minecraft:sheep":4,"minecraft:skeleton":1,"minecraft:zombie":2,"minecraft:pig":1,"minecraft:spider":1},"minecraft:picked_up":{"minecraft:crafting_table":2,"minecraft:stick":22,"minecraft:sweet_berries":73,"minecraft:torch":3,"minecraft:wooden_pickaxe":4,"minecraft:porkchop":4,"minecraft:spruce_sapling":6,"minecraft:diorite":8,"minecraft:spruce_log":40,"alexsmobs:animal_dictionary":2,"minecraft:dirt":26,"minecraft:spider_eye":4,"minecraft:string":6,"minecraft:wooden_sword":2,"minecraft:rotten_flesh":6,"minecraft:arrow":4,"minecraft:bone":4,"minecraft:stone_axe":1,"minecraft:spruce_planks":69,"minecraft:granite":1,"minecraft:stone_pickaxe":2,"alexsmobs:maggot":3,"minecraft:mutton":16,"minecraft:white_wool":8,"minecraft:cobblestone":77,"minecraft:furnace":1}},"DataVersion":3465}