{"stats":{"minecraft:mined":{"minecraft:large_amethyst_bud":1,"minecraft:white_bed":3,"minecraft:oak_sapling":1,"minecraft:sculk_vein":9,"minecraft:granite":2,"minecraft:budding_amethyst":2,"minecraft:grass_block":55,"minecraft:crimson_fungus":1,"minecraft:nether_wart":40,"minecraft:spawner":2,"minecraft:tall_seagrass":1,"minecraft:iron_ore":101,"minecraft:fire":9,"minecraft:pumpkin":8,"minecraft:deepslate_lapis_ore":7,"minecraft:pointed_dripstone":3,"minecraft:dirt_path":1,"minecraft:deepslate_redstone_ore":6,"minecraft:brown_mushroom":37,"minecraft:crimson_nylium":4,"minecraft:powder_snow":59,"minecraft:torch":11,"minecraft:calcite":3,"minecraft:dead_bush":1,"minecraft:cobblestone":53,"minecraft:oak_planks":27,"minecraft:wall_torch":10,"minecraft:amethyst_block":28,"minecraft:pink_petals":16,"minecraft:nether_wart_block":1,"minecraft:birch_log":6,"minecraft:grass":35,"minecraft:oak_log":26,"minecraft:dirt":49,"minecraft:smooth_basalt":1,"minecraft:raw_copper_block":1,"minecraft:red_mushroom_block":4,"minecraft:netherrack":61,"minecraft:oak_leaves":15,"minecraft:deepslate":53,"minecraft:tuff":5,"minecraft:deepslate_diamond_ore":6,"minecraft:oak_door":4,"minecraft:cherry_sapling":1,"minecraft:nether_bricks":22,"minecraft:spruce_leaves":5,"minecraft:red_mushroom":9,"minecraft:furnace":11,"minecraft:andesite":1,"minecraft:deepslate_iron_ore":49,"minecraft:stone":249,"world:leavesoak":1,"world:plantforestbig_1":1,"minecraft:cherry_planks":10,"minecraft:crafting_table":10,"minecraft:emerald_ore":3,"minecraft:oak_wood":29,"world:pf_2":1,"minecraft:sculk_sensor":4,"minecraft:campfire":1,"minecraft:tall_grass":23,"minecraft:lapis_ore":3,"minecraft:deepslate_gold_ore":51,"minecraft:diorite":11,"world:blockbasestairs":1,"minecraft:sweet_berry_bush":9,"minecraft:birch_leaves":2,"minecraft:coal_ore":106,"minecraft:end_rod":2,"minecraft:sunflower":2,"minecraft:gold_ore":1,"minecraft:fern":4},"minecraft:used":{"minecraft:cherry_sapling":10,"minecraft:iron_shovel":7,"minecraft:chest":3,"minecraft:shield":244,"minecraft:iron_sword":640,"minecraft:rotten_flesh":90,"minecraft:iron_chestplate":1,"minecraft:mutton":2,"minecraft:nether_bricks":9,"minecraft:carrot":1,"minecraft:tuff":3,"minecraft:snowball":36,"minecraft:lava_bucket":1,"minecraft:bow":29,"minecraft:sweet_berries":12,"minecraft:furnace":9,"minecraft:oak_sapling":7,"minecraft:diorite":6,"minecraft:end_rod":1,"minecraft:stone_pickaxe":132,"minecraft:oak_planks":25,"minecraft:ender_pearl":1,"minecraft:wooden_pickaxe":40,"minecraft:mushroom_stew":4,"minecraft:dripstone_block":7,"minecraft:bread":6,"minecraft:andesite":1,"minecraft:oak_boat":2,"minecraft:cooked_salmon":1,"minecraft:cooked_chicken":2,"minecraft:netherrack":60,"minecraft:oak_door":6,"minecraft:torch":365,"minecraft:dirt":158,"minecraft:oak_wood":3,"minecraft:granite":1,"minecraft:wooden_axe":48,"minecraft:iron_axe":159,"minecraft:smooth_basalt":1,"world:oak":7,"minecraft:cooked_beef":39,"minecraft:cobbled_deepslate":16,"minecraft:calcite":3,"minecraft:cooked_mutton":7,"minecraft:water_bucket":5,"minecraft:birch_planks":11,"minecraft:birch_boat":3,"minecraft:cherry_planks":23,"minecraft:crafting_table":8,"minecraft:white_bed":3,"minecraft:diamond_pickaxe":269,"minecraft:apple":2,"minecraft:iron_pickaxe":460,"minecraft:stone_axe":283,"minecraft:pink_petals":7,"minecraft:cobblestone":302,"minecraft:cooked_porkchop":11,"minecraft:porkchop":3,"minecraft:bucket":7,"alexsmobs:animal_dictionary":1},"minecraft:killed":{"minecraft:spider":22,"world:dryad":2,"world:appleant_2":1,"minecraft:skeleton":25,"minecraft:chicken":5,"alexsmobs:skelewag":8,"irons_spellbooks:summoned_skeleton":3,"minecraft:pig":2,"minecraft:zombie_villager":1,"minecraft:salmon":1,"minecraft:creeper":4,"alexsmobs:crimson_mosquito":1,"minecraft:sheep":2,"minecraft:zombie":89,"minecraft:ghast":1,"minecraft:stray":3,"alexsmobs:fly":1,"minecraft:glow_squid":1,"minecraft:blaze":17,"irons_spellbooks:summoned_zombie":6,"alexsmobs:tiger":1,"minecraft:drowned":2,"alexsmobs:bison":6,"alexsmobs:tusklin":3,"world:goblin":4,"alexsmobs:gelada_monkey":1,"alexsmobs:moose":1,"minecraft:wither_skeleton":6},"minecraft:crafted":{"minecraft:oak_planks":216,"minecraft:birch_boat":1,"minecraft:cooked_chicken":4,"minecraft:cooked_mutton":2,"minecraft:bow":1,"minecraft:iron_boots":2,"minecraft:chest":3,"minecraft:golden_boots":1,"minecraft:cooked_porkchop":13,"minecraft:crafting_table":4,"minecraft:wooden_pickaxe":1,"minecraft:iron_helmet":3,"minecraft:birch_planks":24,"minecraft:iron_chestplate":3,"minecraft:diamond_pickaxe":1,"minecraft:shield":4,"minecraft:stick":64,"minecraft:iron_ingot":64,"minecraft:iron_pickaxe":3,"minecraft:gold_ingot":8,"minecraft:oak_door":3,"minecraft:furnace":1,"minecraft:mushroom_stew":4,"minecraft:iron_axe":1,"minecraft:stone_pickaxe":1,"minecraft:cooked_beef":22,"minecraft:iron_sword":3,"minecraft:bowl":4,"minecraft:cooked_salmon":1,"minecraft:bucket":1,"minecraft:stone_axe":4,"minecraft:air":0,"minecraft:oak_boat":1,"minecraft:wooden_axe":1,"minecraft:iron_shovel":1,"minecraft:iron_leggings":3,"minecraft:torch":232},"minecraft:dropped":{"minecraft:iron_sword":1,"minecraft:birch_planks":4,"minecraft:diamond":10,"minecraft:cooked_porkchop":2,"mowziesmobs:ice_crystal":2,"minecraft:iron_horse_armor":1,"minecraft:dirt":3,"world:oak":8,"minecraft:iron_pickaxe":3,"minecraft:white_wool":1,"minecraft:bone":2,"minecraft:gold_ingot":20,"minecraft:gravel":3,"minecraft:stone_axe":3,"minecraft:cooked_chicken":4,"minecraft:cobbled_deepslate":32,"minecraft:nether_brick":2,"minecraft:pointed_dripstone":6,"minecraft:cherry_sapling":2,"minecraft:rotten_flesh":18,"minecraft:oak_planks":26,"minecraft:nether_brick_fence":1,"minecraft:carrot":1,"world:greenstuff":1,"minecraft:gunpowder":4,"minecraft:charcoal":2,"alexsmobs:moose_ribs":1,"world:crystal_10":1,"minecraft:quartz":5,"minecraft:netherrack":3,"minecraft:stone_hoe":2,"minecraft:iron_ingot":2,"minecraft:wheat_seeds":13,"minecraft:dripstone_block":8,"minecraft:feather":1,"minecraft:lead":1,"minecraft:stick":12,"minecraft:end_rod":1,"minecraft:diorite":5,"minecraft:torch":1,"minecraft:wooden_hoe":1,"minecraft:wooden_axe":5,"minecraft:string":1,"minecraft:pink_petals":2,"irons_spellbooks:frozen_bone":11,"minecraft:sweet_berries":8,"minecraft:nether_wart":1,"minecraft:tuff":1,"minecraft:raw_iron":2,"minecraft:chicken":2,"minecraft:nether_bricks":5,"minecraft:shield":2,"minecraft:iron_chestplate":1,"minecraft:spider_eye":2,"minecraft:birch_boat":1,"minecraft:wooden_pickaxe":5},"minecraft:broken":{"minecraft:iron_boots":1,"minecraft:iron_chestplate":1,"minecraft:iron_leggings":1,"minecraft:stone_pickaxe":1,"minecraft:stone_axe":3,"minecraft:iron_sword":1,"minecraft:iron_axe":1,"minecraft:iron_helmet":1},"minecraft:custom":{"minecraft:interact_with_crafting_table":73,"minecraft:leave_game":18,"minecraft:time_since_death":619,"minecraft:sprint_one_cm":1124691,"minecraft:damage_blocked_by_shield":7877,"minecraft:drop":267,"minecraft:talked_to_villager":2,"minecraft:play_time":573869,"minecraft:deaths":41,"minecraft:jump":8036,"minecraft:walk_on_water_one_cm":100815,"minecraft:interact_with_furnace":107,"minecraft:sleep_in_bed":8,"minecraft:damage_dealt":44947,"minecraft:player_kills":3,"minecraft:crouch_one_cm":15374,"minecraft:mob_kills":226,"minecraft:climb_one_cm":144,"minecraft:walk_one_cm":1919519,"minecraft:sneak_time":5780,"minecraft:walk_under_water_one_cm":80485,"minecraft:boat_one_cm":180966,"minecraft:total_world_time":573869,"minecraft:time_since_rest":644,"minecraft:damage_taken":18312,"minecraft:swim_one_cm":38375,"minecraft:fly_one_cm":1118005,"minecraft:open_chest":150,"minecraft:fall_one_cm":191845},"minecraft:picked_up":{"minecraft:wooden_axe":5,"irons_spellbooks:scroll":1,"minecraft:nether_brick_fence":1,"minecraft:lead":2,"minecraft:nether_brick":13,"minecraft:amethyst_block":28,"minecraft:string":39,"alexsmobs:blood_sac":1,"minecraft:cobbled_deepslate":65,"minecraft:calcite":3,"minecraft:iron_pickaxe":2,"minecraft:furnace":12,"minecraft:tipped_arrow":1,"minecraft:stick":32,"minecraft:torch":138,"minecraft:porkchop":23,"minecraft:pointed_dripstone":12,"minecraft:diorite":16,"minecraft:rotten_flesh":107,"minecraft:end_rod":2,"minecraft:blaze_rod":7,"minecraft:snowball":68,"minecraft:cobblestone":351,"minecraft:birch_log":6,"minecraft:pink_petals":93,"minecraft:cherry_planks":10,"minecraft:feather":3,"minecraft:cooked_beef":10,"minecraft:andesite":1,"alexsmobs:bison_fur":5,"minecraft:tuff":7,"minecraft:lapis_lazuli":58,"minecraft:dirt":202,"minecraft:bone":49,"minecraft:bow":1,"minecraft:wheat_seeds":16,"minecraft:raw_gold":52,"minecraft:stone_hoe":2,"minecraft:oak_planks":76,"irons_spellbooks:frozen_bone":13,"world:oak":8,"minecraft:diamond":14,"minecraft:granite":1,"alexsmobs:moose_ribs":1,"minecraft:emerald":2,"minecraft:bread":6,"alexsmobs:maggot":1,"minecraft:oak_sapling":9,"minecraft:netherrack":70,"minecraft:charcoal":2,"minecraft:crafting_table":10,"minecraft:chicken":6,"minecraft:nether_wart":47,"minecraft:brown_mushroom":39,"minecraft:wooden_pickaxe":5,"minecraft:shield":1,"alexsmobs:pigshoes":2,"minecraft:blackstone":13,"minecraft:beef":51,"minecraft:oak_boat":3,"minecraft:iron_nugget":16,"minecraft:raw_copper_block":1,"minecraft:raw_iron":198,"minecraft:oak_door":4,"minecraft:fire_charge":2,"minecraft:carrot":2,"minecraft:redstone":34,"minecraft:arrow":14,"minecraft:nether_bricks":19,"mowziesmobs:ice_crystal":2,"minecraft:gold_ingot":6,"minecraft:mutton":4,"minecraft:white_wool":2,"minecraft:glow_ink_sac":23,"minecraft:salmon":1,"minecraft:leather":7,"minecraft:red_mushroom":9,"minecraft:oak_log":29,"minecraft:gunpowder":7,"world:greenstuff":1,"minecraft:wooden_hoe":1,"minecraft:cooked_mutton":5,"minecraft:apple":2,"minecraft:iron_ingot":1,"minecraft:cooked_chicken":2,"minecraft:iron_sword":1,"world:crystal_10":2,"minecraft:smooth_basalt":1,"alexsmobs:fish_bones":1,"minecraft:birch_boat":3,"minecraft:pumpkin":7,"minecraft:sweet_berries":18,"minecraft:quartz":5,"minecraft:dripstone_block":15,"minecraft:gravel":6,"minecraft:amethyst_shard":2,"minecraft:white_bed":3,"minecraft:crying_obsidian":3,"minecraft:spider_eye":8,"minecraft:oak_wood":28,"minecraft:stone_axe":2,"minecraft:cherry_sapling":22,"minecraft:coal":263},"minecraft:killed_by":{"minecraft:wither_skeleton":1,"minecraft:creeper":3,"alexsmobs:tusklin":2,"minecraft:blaze":1,"minecraft:zombie":6,"mowziesmobs:frostmaw":1,"minecraft:player":6,"minecraft:spider":1,"alexsmobs:bison":1,"alexsmobs:tiger":3,"irons_spellbooks:necromancer":4,"minecraft:skeleton":1}},"DataVersion":3465}