{"stats":{"minecraft:picked_up":{"minecraft:wooden_axe":5,"minecraft:crafting_table":5,"minecraft:iron_chestplate":4,"minecraft:chicken":2,"minecraft:wooden_pickaxe":9,"minecraft:oak_stairs":39,"minecraft:shield":8,"alexsmobs:cooked_catfish":36,"minecraft:string":56,"minecraft:iron_axe":5,"minecraft:wooden_sword":2,"minecraft:iron_leggings":4,"minecraft:cobbled_deepslate":3,"minecraft:spruce_planks":172,"minecraft:beef":17,"minecraft:white_tulip":2,"minecraft:poppy":1,"minecraft:iron_pickaxe":4,"minecraft:chest":2,"minecraft:furnace":2,"minecraft:iron_boots":3,"minecraft:egg":1,"minecraft:stick":76,"minecraft:raw_iron":113,"minecraft:sandstone":1,"minecraft:oak_door":10,"minecraft:oak_fence":5,"minecraft:torch":64,"minecraft:porkchop":14,"minecraft:pointed_dripstone":12,"minecraft:diorite":150,"minecraft:arrow":12,"minecraft:rotten_flesh":48,"alexsmobs:flying_fish_boots":1,"minecraft:pink_tulip":6,"minecraft:mutton":22,"minecraft:cod":1,"alexsmobs:flying_fish":11,"minecraft:white_wool":14,"minecraft:cobblestone":488,"minecraft:birch_log":47,"minecraft:feather":6,"minecraft:salmon":1,"minecraft:andesite":6,"minecraft:leather":18,"minecraft:birch_planks":172,"minecraft:flint":2,"minecraft:light_gray_dye":3,"minecraft:oak_log":170,"minecraft:lily_pad":51,"minecraft:lapis_lazuli":154,"minecraft:dirt":212,"minecraft:glass":24,"minecraft:bone":20,"minecraft:apple":2,"minecraft:wheat_seeds":6,"minecraft:raw_gold":1,"minecraft:stone_pickaxe":3,"minecraft:iron_sword":3,"minecraft:oak_planks":259,"minecraft:cooked_porkchop":2,"minecraft:birch_boat":1,"minecraft:sweet_berries":110,"minecraft:dandelion":1,"minecraft:gravel":5,"minecraft:birch_stairs":5,"minecraft:sand":71,"minecraft:spruce_sapling":8,"minecraft:grass_block":1,"minecraft:white_bed":2,"minecraft:spruce_log":76,"minecraft:spider_eye":9,"alexsmobs:animal_dictionary":4,"alexsmobs:raw_catfish":41,"minecraft:slime_ball":4,"minecraft:spruce_boat":12,"minecraft:stone_axe":2,"minecraft:iron_helmet":4,"minecraft:granite":35,"minecraft:bone_meal":2,"minecraft:emerald":4,"alexsmobs:maggot":3,"minecraft:oak_sapling":10,"minecraft:black_wool":2,"minecraft:coal":143},"minecraft:used":{"minecraft:oak_fence":9,"minecraft:chest":1,"minecraft:spruce_planks":53,"minecraft:shield":111,"minecraft:iron_sword":242,"minecraft:rotten_flesh":31,"minecraft:oak_door":6,"minecraft:torch":108,"minecraft:dirt":143,"minecraft:mutton":3,"minecraft:glass":4,"minecraft:spruce_boat":7,"minecraft:wooden_axe":21,"alexsmobs:maggot":3,"minecraft:iron_axe":499,"minecraft:grass_block":1,"minecraft:oak_stairs":232,"minecraft:iron_helmet":1,"minecraft:iron_boots":3,"minecraft:beef":5,"minecraft:sweet_berries":77,"minecraft:oak_sapling":5,"minecraft:furnace":4,"minecraft:egg":1,"minecraft:cooked_beef":4,"minecraft:cobbled_deepslate":3,"minecraft:cooked_mutton":3,"alexsmobs:raw_catfish":5,"alexsmobs:cooked_catfish":30,"minecraft:diorite":6,"minecraft:birch_planks":164,"minecraft:stone_pickaxe":134,"minecraft:oak_planks":407,"alexsmobs:flying_fish_boots":2,"minecraft:wooden_pickaxe":51,"minecraft:birch_boat":2,"minecraft:salmon":1,"minecraft:sand":68,"minecraft:crafting_table":9,"minecraft:white_bed":2,"minecraft:cod":1,"minecraft:oak_log":25,"minecraft:apple":2,"minecraft:iron_pickaxe":410,"minecraft:gravel":1,"minecraft:spruce_sapling":6,"minecraft:stone_axe":29,"minecraft:wooden_sword":39,"minecraft:cobblestone":182,"minecraft:porkchop":3,"minecraft:cooked_porkchop":1,"minecraft:andesite":2,"alexsmobs:animal_dictionary":4,"minecraft:dandelion":1,"minecraft:birch_stairs":4},"minecraft:killed":{"minecraft:cave_spider":2,"irons_spellbooks:summoned_zombie":1,"minecraft:spider":8,"minecraft:cod":1,"minecraft:slime":12,"minecraft:skeleton":17,"minecraft:chicken":2,"alexsmobs:flying_fish":1,"minecraft:wolf":1,"minecraft:pig":3,"minecraft:zombie_villager":2,"minecraft:salmon":1,"minecraft:sheep":8,"alexsmobs:catfish":12,"minecraft:zombie":29,"minecraft:enderman":1,"minecraft:cow":5},"minecraft:killed_by":{"minecraft:player":3,"minecraft:creeper":1,"minecraft:spider":1,"irons_spellbooks:necromancer":1,"minecraft:cave_spider":2,"minecraft:skeleton":3},"minecraft:broken":{"minecraft:stone_pickaxe":1,"minecraft:iron_axe":2,"minecraft:iron_pickaxe":1},"minecraft:custom":{"minecraft:mob_kills":108,"minecraft:interact_with_crafting_table":79,"minecraft:leave_game":10,"minecraft:time_since_death":11875,"minecraft:climb_one_cm":2744,"minecraft:sprint_one_cm":713426,"minecraft:walk_one_cm":1016427,"minecraft:damage_blocked_by_shield":4070,"minecraft:drop":190,"minecraft:play_time":327418,"minecraft:sneak_time":7913,"minecraft:deaths":14,"minecraft:walk_under_water_one_cm":80019,"minecraft:boat_one_cm":485136,"minecraft:jump":3904,"minecraft:walk_on_water_one_cm":62522,"minecraft:total_world_time":327418,"minecraft:interact_with_furnace":122,"minecraft:sleep_in_bed":3,"minecraft:time_since_rest":11907,"minecraft:damage_taken":7007,"minecraft:damage_dealt":16474,"minecraft:player_kills":1,"minecraft:swim_one_cm":89166,"minecraft:fly_one_cm":538871,"minecraft:open_chest":42,"minecraft:crouch_one_cm":25470,"minecraft:fall_one_cm":88905},"minecraft:mined":{"minecraft:spruce_planks":2,"minecraft:white_bed":1,"minecraft:oak_door":5,"minecraft:glow_lichen":2,"minecraft:granite":9,"minecraft:grass_block":8,"minecraft:spruce_leaves":8,"minecraft:spawner":1,"minecraft:large_fern":2,"minecraft:tall_seagrass":5,"minecraft:spruce_sapling":5,"minecraft:furnace":3,"minecraft:iron_ore":60,"minecraft:andesite":2,"minecraft:deepslate_lapis_ore":8,"minecraft:pointed_dripstone":4,"minecraft:deepslate_iron_ore":5,"minecraft:vine":2,"minecraft:oak_stairs":41,"minecraft:pink_tulip":3,"minecraft:white_tulip":1,"minecraft:stone":234,"minecraft:deepslate_redstone_ore":3,"minecraft:birch_stairs":1,"minecraft:dandelion":1,"minecraft:oak_fence":3,"minecraft:crafting_table":3,"minecraft:torch":3,"minecraft:emerald_ore":1,"minecraft:chest":1,"minecraft:tall_grass":9,"minecraft:cobblestone":27,"minecraft:lapis_ore":3,"minecraft:lily_pad":2,"minecraft:oak_planks":173,"minecraft:diorite":46,"minecraft:seagrass":7,"minecraft:birch_planks":43,"minecraft:birch_log":47,"minecraft:sweet_berry_bush":52,"minecraft:spruce_log":42,"minecraft:birch_leaves":2,"minecraft:black_wool":1,"minecraft:grass":19,"minecraft:oak_log":141,"minecraft:coal_ore":85,"minecraft:dirt":30,"minecraft:sand":53,"minecraft:cobweb":4,"minecraft:deepslate":3,"minecraft:oak_leaves":33,"minecraft:fern":4},"minecraft:dropped":{"minecraft:iron_ingot":6,"minecraft:iron_sword":1,"minecraft:porkchop":6,"minecraft:wheat_seeds":3,"minecraft:lapis_lazuli":12,"minecraft:cooked_beef":4,"minecraft:oak_fence":2,"minecraft:feather":2,"minecraft:iron_helmet":1,"minecraft:leather":7,"minecraft:granite":8,"alexsmobs:raw_catfish":5,"minecraft:flint":2,"minecraft:stick":2,"minecraft:torch":2,"minecraft:wooden_axe":1,"minecraft:sand":3,"minecraft:iron_axe":2,"minecraft:string":4,"minecraft:lily_pad":18,"minecraft:white_wool":6,"minecraft:birch_stairs":5,"minecraft:spruce_sapling":1,"minecraft:white_tulip":1,"alexsmobs:animal_dictionary":2,"minecraft:raw_iron":8,"minecraft:pointed_dripstone":6,"minecraft:rotten_flesh":11,"minecraft:oak_planks":47,"minecraft:spruce_boat":2,"minecraft:shield":1,"minecraft:oak_sapling":1,"minecraft:chest":1,"minecraft:spider_eye":2,"minecraft:light_gray_dye":2,"minecraft:sandstone":1,"minecraft:arrow":4,"minecraft:beef":1,"minecraft:wooden_pickaxe":1,"minecraft:black_wool":2},"minecraft:crafted":{"minecraft:wooden_sword":1,"minecraft:oak_door":3,"minecraft:oak_planks":468,"minecraft:birch_boat":1,"minecraft:furnace":2,"minecraft:cooked_mutton":3,"minecraft:glass":16,"minecraft:iron_boots":1,"minecraft:iron_axe":2,"minecraft:stone_pickaxe":3,"minecraft:spruce_boat":5,"alexsmobs:cooked_catfish":16,"minecraft:oak_fence":9,"minecraft:cooked_beef":8,"minecraft:crafting_table":5,"minecraft:spruce_planks":124,"minecraft:wooden_pickaxe":2,"minecraft:iron_helmet":1,"minecraft:iron_sword":1,"minecraft:birch_planks":188,"minecraft:stone_axe":1,"minecraft:air":0,"minecraft:iron_chestplate":1,"minecraft:charcoal":2,"minecraft:shield":2,"minecraft:stick":48,"minecraft:iron_pickaxe":2,"minecraft:iron_ingot":45,"minecraft:oak_stairs":196,"minecraft:iron_leggings":1,"minecraft:torch":84,"minecraft:birch_stairs":4}},"DataVersion":3465}