{"stats":{"minecraft:crafted":{"minecraft:oak_planks":696,"minecraft:birch_boat":1,"minecraft:cooked_chicken":9,"minecraft:cooked_mutton":7,"minecraft:glass":16,"minecraft:iron_boots":3,"minecraft:birch_door":3,"alexsmobs:cooked_catfish":33,"minecraft:oak_fence":9,"minecraft:golden_boots":1,"minecraft:wooden_shovel":1,"minecraft:cooked_porkchop":11,"minecraft:crafting_table":11,"minecraft:spruce_planks":124,"minecraft:wooden_pickaxe":2,"minecraft:iron_helmet":3,"minecraft:birch_planks":284,"minecraft:iron_chestplate":3,"minecraft:charcoal":2,"minecraft:diamond_pickaxe":1,"minecraft:shield":6,"minecraft:stick":104,"minecraft:iron_ingot":149,"minecraft:iron_pickaxe":7,"minecraft:birch_stairs":4,"minecraft:wooden_sword":1,"minecraft:oak_door":6,"minecraft:furnace":5,"minecraft:bone_meal":54,"irons_spellbooks:graybeard_staff":1,"minecraft:flint_and_steel":1,"minecraft:iron_axe":4,"minecraft:stone_pickaxe":3,"minecraft:spruce_boat":5,"minecraft:cooked_beef":18,"minecraft:cooked_cod":7,"alexsmobs:cooked_lobster_tail":4,"minecraft:enchanting_table":1,"minecraft:iron_sword":3,"minecraft:smooth_sandstone":14,"minecraft:bucket":1,"minecraft:stone_axe":1,"minecraft:air":0,"minecraft:bread":5,"minecraft:oak_boat":7,"minecraft:oak_stairs":196,"minecraft:iron_leggings":3,"minecraft:white_bed":1,"minecraft:torch":216},"minecraft:picked_up":{"minecraft:wooden_axe":5,"irons_spellbooks:scroll":1,"minecraft:iron_chestplate":11,"minecraft:birch_door":10,"minecraft:wheat":18,"irons_spellbooks:amethyst_resonance_charm":1,"minecraft:oak_stairs":39,"minecraft:string":137,"minecraft:soul_soil":4,"irons_spellbooks:graybeard_staff":1,"minecraft:iron_leggings":11,"irons_spellbooks:arcane_essence":14,"minecraft:gold_nugget":5,"minecraft:cobbled_deepslate":684,"minecraft:bucket":2,"minecraft:spruce_planks":172,"minecraft:white_tulip":2,"minecraft:iron_pickaxe":14,"minecraft:furnace":7,"minecraft:iron_boots":8,"minecraft:stick":92,"minecraft:oak_fence":5,"minecraft:torch":86,"minecraft:porkchop":25,"minecraft:pointed_dripstone":12,"minecraft:diorite":158,"minecraft:rotten_flesh":86,"alexsmobs:flying_fish_boots":3,"minecraft:obsidian":21,"minecraft:cod":4,"irons_spellbooks:copper_spell_book":1,"alexsmobs:flying_fish":16,"minecraft:cobblestone":974,"minecraft:birch_log":72,"minecraft:cooked_beef":24,"minecraft:feather":10,"minecraft:water_bucket":7,"minecraft:andesite":69,"minecraft:potato":4,"alexsmobs:bison_fur":3,"minecraft:flint":3,"minecraft:tuff":9,"minecraft:light_gray_dye":3,"minecraft:lapis_lazuli":211,"minecraft:dirt":315,"minecraft:glass":24,"minecraft:bone":58,"minecraft:bow":1,"minecraft:wheat_seeds":61,"minecraft:raw_gold":28,"minecraft:oak_planks":552,"minecraft:cooked_porkchop":16,"minecraft:music_disc_13":2,"minecraft:sand":148,"minecraft:ink_sac":6,"minecraft:grass_block":1,"alexsmobs:animal_dictionary":4,"alexsmobs:kangaroo_hide":3,"minecraft:diamond":15,"minecraft:spruce_boat":12,"minecraft:granite":49,"minecraft:bone_meal":2,"minecraft:emerald":5,"minecraft:bread":7,"alexsmobs:maggot":3,"minecraft:oak_sapling":15,"minecraft:netherrack":124,"minecraft:diamond_pickaxe":1,"minecraft:crafting_table":13,"minecraft:chicken":7,"minecraft:chest_minecart":1,"irons_spellbooks:tarnished_helmet":2,"minecraft:wooden_pickaxe":9,"minecraft:diamond_horse_armor":2,"minecraft:shield":15,"alexsmobs:cooked_catfish":53,"minecraft:iron_axe":11,"minecraft:wooden_sword":2,"minecraft:iron_shovel":1,"minecraft:blackstone":2,"minecraft:beef":47,"minecraft:oak_boat":6,"minecraft:poppy":1,"minecraft:chest":2,"minecraft:sugar_cane":14,"alexsmobs:cooked_lobster_tail":8,"minecraft:birch_sapling":3,"minecraft:egg":7,"minecraft:raw_iron":256,"minecraft:sandstone":1,"minecraft:oak_door":22,"alexsmobs:straddlite":1,"minecraft:tnt":4,"minecraft:arrow":42,"minecraft:pink_tulip":6,"minecraft:mutton":33,"minecraft:rail":3,"alexsmobs:kangaroo_meat":5,"minecraft:white_wool":29,"minecraft:basalt":146,"minecraft:glow_ink_sac":9,"minecraft:salmon":1,"minecraft:cut_sandstone":4,"minecraft:leather":41,"minecraft:birch_planks":227,"minecraft:oak_log":227,"minecraft:lily_pad":62,"minecraft:gunpowder":10,"minecraft:wooden_hoe":2,"minecraft:cooked_mutton":6,"minecraft:apple":2,"minecraft:kelp":28,"minecraft:iron_ingot":57,"minecraft:stone_pickaxe":4,"minecraft:cooked_chicken":2,"minecraft:iron_sword":11,"minecraft:soul_sand":1,"minecraft:book":4,"minecraft:birch_boat":3,"minecraft:sweet_berries":110,"minecraft:quartz":11,"minecraft:dandelion":1,"minecraft:gravel":35,"minecraft:lava_bucket":7,"minecraft:birch_stairs":5,"minecraft:spruce_sapling":8,"minecraft:white_bed":3,"minecraft:spruce_log":76,"minecraft:spider_eye":30,"alexsmobs:raw_catfish":58,"minecraft:slime_ball":4,"minecraft:stone_axe":2,"minecraft:iron_helmet":9,"minecraft:black_wool":2,"minecraft:coal":285},"minecraft:killed_by":{"minecraft:creeper":1,"alexsmobs:murmur_head":1,"minecraft:cave_spider":3,"minecraft:player":6,"minecraft:spider":2,"irons_spellbooks:necromancer":2,"minecraft:skeleton":7},"minecraft:dropped":{"minecraft:iron_sword":5,"alexsmobs:straddlite":1,"minecraft:porkchop":6,"minecraft:lapis_lazuli":12,"minecraft:cooked_beef":6,"minecraft:glow_ink_sac":3,"minecraft:diamond":1,"alexsmobs:kangaroo_meat":5,"minecraft:leather":14,"irons_spellbooks:tarnished_helmet":2,"alexsmobs:flying_fish_boots":1,"minecraft:rail":1,"minecraft:cod":1,"minecraft:flint":2,"minecraft:dirt":2,"alexsmobs:flying_fish":4,"irons_spellbooks:arcane_essence":9,"alexsmobs:cooked_catfish":6,"minecraft:gold_nugget":1,"minecraft:sand":3,"minecraft:iron_pickaxe":4,"minecraft:birch_log":1,"minecraft:white_wool":6,"irons_spellbooks:amethyst_resonance_charm":1,"minecraft:birch_stairs":5,"minecraft:bone":5,"minecraft:gold_ingot":7,"minecraft:white_tulip":1,"minecraft:sugar_cane":13,"minecraft:cooked_chicken":4,"alexsmobs:animal_dictionary":2,"minecraft:birch_sapling":1,"minecraft:wheat":2,"minecraft:pointed_dripstone":6,"minecraft:rotten_flesh":22,"minecraft:oak_planks":47,"alexsmobs:kangaroo_hide":3,"minecraft:gunpowder":5,"minecraft:chest":1,"minecraft:arrow":9,"minecraft:beef":1,"minecraft:water_bucket":2,"minecraft:golden_boots":1,"minecraft:iron_ingot":47,"minecraft:bread":2,"minecraft:wheat_seeds":14,"minecraft:tnt":3,"minecraft:iron_helmet":2,"minecraft:oak_fence":2,"minecraft:feather":4,"minecraft:granite":11,"alexsmobs:raw_catfish":5,"minecraft:stick":7,"irons_spellbooks:scroll":1,"minecraft:diorite":3,"minecraft:ink_sac":3,"minecraft:torch":3,"alexsmobs:cooked_lobster_tail":6,"minecraft:wooden_axe":1,"minecraft:iron_leggings":1,"minecraft:iron_axe":3,"minecraft:iron_shovel":1,"minecraft:string":12,"minecraft:lily_pad":32,"minecraft:spruce_sapling":1,"minecraft:kelp":27,"irons_spellbooks:copper_spell_book":1,"minecraft:raw_iron":9,"irons_spellbooks:graybeard_staff":1,"minecraft:iron_boots":2,"minecraft:flint_and_steel":1,"minecraft:spruce_boat":2,"minecraft:shield":3,"minecraft:iron_chestplate":1,"minecraft:diamond_pickaxe":1,"minecraft:oak_sapling":1,"minecraft:spider_eye":5,"minecraft:light_gray_dye":2,"minecraft:sandstone":1,"minecraft:stone_pickaxe":1,"minecraft:wooden_pickaxe":1,"minecraft:black_wool":2},"minecraft:broken":{"minecraft:stone_pickaxe":1,"minecraft:iron_axe":3,"minecraft:iron_pickaxe":3},"minecraft:custom":{"minecraft:interact_with_crafting_table":143,"minecraft:leave_game":12,"minecraft:time_since_death":24646,"minecraft:sprint_one_cm":1364313,"minecraft:damage_blocked_by_shield":9225,"minecraft:drop":453,"minecraft:play_time":771149,"minecraft:deaths":26,"minecraft:jump":8206,"minecraft:walk_on_water_one_cm":233137,"minecraft:enchant_item":6,"minecraft:interact_with_furnace":264,"minecraft:sleep_in_bed":7,"minecraft:damage_dealt":35280,"minecraft:player_kills":4,"minecraft:crouch_one_cm":48223,"minecraft:mob_kills":232,"minecraft:inspect_hopper":8,"minecraft:climb_one_cm":3641,"minecraft:walk_one_cm":2415732,"minecraft:sneak_time":15407,"minecraft:walk_under_water_one_cm":304633,"minecraft:boat_one_cm":2425368,"minecraft:total_world_time":771149,"minecraft:time_since_rest":24706,"minecraft:damage_taken":13378,"minecraft:swim_one_cm":273515,"minecraft:fly_one_cm":1165236,"minecraft:open_chest":244,"minecraft:fall_one_cm":155321},"minecraft:mined":{"minecraft:spruce_planks":2,"minecraft:white_bed":2,"minecraft:obsidian":23,"minecraft:granite":16,"minecraft:grass_block":9,"minecraft:soul_soil":4,"minecraft:spawner":2,"minecraft:tall_seagrass":7,"minecraft:magma_block":1,"minecraft:iron_ore":143,"minecraft:fire":33,"minecraft:deepslate_lapis_ore":9,"minecraft:pointed_dripstone":4,"minecraft:oak_stairs":41,"minecraft:pink_tulip":3,"minecraft:deepslate_redstone_ore":3,"minecraft:cut_sandstone":7,"minecraft:blackstone":2,"minecraft:kelp_plant":1,"minecraft:torch":3,"minecraft:chest":1,"minecraft:nether_quartz_ore":11,"minecraft:cobblestone":41,"minecraft:sugar_cane":5,"minecraft:oak_planks":179,"minecraft:wall_torch":1,"minecraft:seagrass":7,"minecraft:birch_log":71,"minecraft:wheat":17,"minecraft:birch_door":3,"minecraft:tnt":2,"minecraft:grass":40,"minecraft:oak_log":198,"minecraft:sand":80,"minecraft:dirt":41,"minecraft:netherrack":132,"minecraft:oak_leaves":55,"minecraft:deepslate":236,"minecraft:nether_gold_ore":1,"minecraft:tuff":1,"minecraft:deepslate_diamond_ore":10,"minecraft:oak_door":10,"minecraft:glow_lichen":4,"minecraft:spruce_leaves":8,"minecraft:large_fern":2,"minecraft:spruce_sapling":5,"minecraft:furnace":9,"minecraft:chiseled_sandstone":2,"minecraft:andesite":17,"minecraft:gold_block":1,"minecraft:deepslate_iron_ore":31,"minecraft:vine":2,"minecraft:stone":397,"minecraft:white_tulip":1,"minecraft:birch_stairs":1,"minecraft:soul_sand":1,"minecraft:basalt":143,"minecraft:dandelion":1,"minecraft:oak_fence":3,"minecraft:crafting_table":9,"minecraft:emerald_ore":1,"minecraft:tall_grass":15,"minecraft:lapis_ore":11,"minecraft:deepslate_gold_ore":24,"minecraft:lily_pad":2,"minecraft:diorite":53,"minecraft:birch_planks":43,"minecraft:sweet_berry_bush":52,"minecraft:spruce_log":42,"minecraft:birch_leaves":11,"minecraft:black_wool":1,"minecraft:coal_ore":182,"minecraft:gravel":16,"minecraft:cobweb":4,"minecraft:stone_bricks":1,"minecraft:gold_ore":2,"minecraft:fern":4},"minecraft:used":{"minecraft:chest":1,"minecraft:shield":220,"minecraft:iron_sword":435,"minecraft:rotten_flesh":60,"minecraft:iron_chestplate":4,"minecraft:mutton":3,"minecraft:tuff":3,"minecraft:obsidian":10,"minecraft:spruce_boat":7,"minecraft:glass":16,"minecraft:lava_bucket":15,"minecraft:grass_block":1,"alexsmobs:cooked_lobster_tail":3,"minecraft:iron_helmet":2,"minecraft:bow":26,"minecraft:sweet_berries":77,"minecraft:oak_sapling":12,"minecraft:furnace":11,"minecraft:cooked_cod":7,"minecraft:egg":8,"minecraft:potato":3,"alexsmobs:raw_catfish":5,"minecraft:diorite":10,"minecraft:stone_pickaxe":134,"minecraft:oak_planks":462,"alexsmobs:flying_fish_boots":3,"minecraft:wooden_pickaxe":51,"minecraft:white_wool":3,"minecraft:sand":95,"minecraft:bread":10,"minecraft:gravel":14,"minecraft:wooden_sword":39,"minecraft:andesite":2,"minecraft:oak_boat":11,"minecraft:bone_meal":54,"minecraft:oak_fence":9,"minecraft:enchanting_table":1,"minecraft:flint_and_steel":1,"minecraft:spruce_planks":53,"minecraft:cooked_chicken":6,"minecraft:netherrack":124,"minecraft:oak_door":16,"minecraft:torch":244,"minecraft:dirt":172,"minecraft:granite":1,"minecraft:birch_door":4,"minecraft:wooden_axe":21,"alexsmobs:maggot":3,"minecraft:iron_axe":738,"minecraft:oak_stairs":232,"minecraft:iron_boots":3,"minecraft:basalt":94,"minecraft:beef":5,"minecraft:soul_soil":1,"minecraft:cooked_beef":7,"minecraft:cobbled_deepslate":40,"minecraft:iron_leggings":6,"minecraft:wheat_seeds":15,"minecraft:cooked_mutton":7,"alexsmobs:cooked_catfish":42,"minecraft:water_bucket":110,"minecraft:birch_planks":164,"minecraft:birch_boat":3,"minecraft:salmon":1,"minecraft:crafting_table":19,"minecraft:white_bed":4,"minecraft:cod":1,"minecraft:oak_log":25,"alexsmobs:flying_fish":2,"minecraft:diamond_pickaxe":223,"minecraft:apple":2,"minecraft:iron_pickaxe":1248,"minecraft:spruce_sapling":6,"minecraft:stone_axe":29,"minecraft:cobblestone":338,"minecraft:porkchop":3,"minecraft:cooked_porkchop":10,"minecraft:bucket":126,"alexsmobs:animal_dictionary":4,"minecraft:dandelion":1,"minecraft:birch_stairs":4},"minecraft:killed":{"minecraft:cave_spider":6,"minecraft:spider":21,"minecraft:cod":3,"minecraft:skeleton":32,"minecraft:chicken":7,"alexsmobs:straddler":1,"minecraft:wolf":1,"minecraft:pig":9,"minecraft:zombie_villager":2,"minecraft:salmon":2,"alexsmobs:stradpole":4,"irons_spellbooks:necromancer":3,"minecraft:creeper":3,"minecraft:sheep":14,"minecraft:zombie":59,"minecraft:cow":16,"irons_spellbooks:summoned_zombie":4,"alexsmobs:raccoon":1,"minecraft:slime":12,"minecraft:phantom":1,"alexsmobs:blue_jay":1,"alexsmobs:soul_vulture":1,"alexsmobs:bison":1,"minecraft:drowned":3,"alexsmobs:flying_fish":1,"alexsmobs:catfish":12,"alexsmobs:cockroach":1,"minecraft:wither_skeleton":3,"minecraft:enderman":2}},"DataVersion":3465}