{"stats":{"minecraft:broken":{"minecraft:stone_pickaxe":1,"minecraft:stone_axe":3,"minecraft:iron_sword":1,"minecraft:iron_helmet":1},"minecraft:custom":{"minecraft:mob_kills":132,"minecraft:interact_with_crafting_table":35,"minecraft:leave_game":6,"minecraft:time_since_death":1620,"minecraft:sprint_one_cm":629401,"minecraft:walk_one_cm":1075625,"minecraft:damage_blocked_by_shield":4532,"minecraft:drop":138,"minecraft:play_time":339796,"minecraft:sneak_time":3797,"minecraft:deaths":26,"minecraft:walk_under_water_one_cm":65525,"minecraft:boat_one_cm":180966,"minecraft:jump":5116,"minecraft:walk_on_water_one_cm":81356,"minecraft:total_world_time":339796,"minecraft:interact_with_furnace":76,"minecraft:sleep_in_bed":8,"minecraft:time_since_rest":1064,"minecraft:damage_taken":11982,"minecraft:damage_dealt":27718,"minecraft:player_kills":2,"minecraft:swim_one_cm":37697,"minecraft:fly_one_cm":638274,"minecraft:open_chest":38,"minecraft:crouch_one_cm":8855,"minecraft:fall_one_cm":117011},"minecraft:dropped":{"minecraft:stone_hoe":2,"minecraft:iron_ingot":2,"minecraft:iron_sword":1,"minecraft:birch_planks":4,"minecraft:wheat_seeds":9,"minecraft:cooked_porkchop":2,"mowziesmobs:ice_crystal":1,"minecraft:feather":1,"minecraft:end_rod":1,"minecraft:stick":12,"minecraft:dirt":2,"minecraft:diorite":5,"minecraft:torch":1,"minecraft:wooden_hoe":1,"minecraft:wooden_axe":5,"minecraft:iron_pickaxe":1,"irons_spellbooks:frozen_bone":11,"minecraft:white_wool":1,"minecraft:stone_axe":3,"minecraft:sweet_berries":8,"minecraft:cooked_chicken":4,"minecraft:raw_iron":2,"minecraft:chicken":2,"minecraft:rotten_flesh":17,"minecraft:oak_planks":24,"minecraft:shield":1,"minecraft:gunpowder":4,"minecraft:charcoal":2,"alexsmobs:moose_ribs":1,"minecraft:spider_eye":2,"minecraft:birch_boat":1,"minecraft:wooden_pickaxe":5,"world:crystal_10":1},"minecraft:picked_up":{"minecraft:wooden_axe":5,"irons_spellbooks:scroll":1,"minecraft:charcoal":2,"minecraft:crafting_table":10,"minecraft:chicken":6,"minecraft:brown_mushroom":18,"minecraft:wooden_pickaxe":5,"minecraft:string":11,"minecraft:cobbled_deepslate":12,"minecraft:beef":51,"minecraft:oak_boat":3,"minecraft:raw_copper_block":1,"minecraft:furnace":12,"minecraft:tipped_arrow":1,"minecraft:stick":20,"minecraft:raw_iron":107,"minecraft:oak_door":4,"minecraft:torch":124,"minecraft:porkchop":23,"minecraft:diorite":16,"minecraft:redstone":24,"minecraft:arrow":7,"minecraft:rotten_flesh":73,"mowziesmobs:ice_crystal":1,"minecraft:end_rod":2,"minecraft:mutton":4,"minecraft:snowball":68,"minecraft:white_wool":2,"minecraft:cobblestone":326,"minecraft:birch_log":6,"minecraft:pink_petals":7,"minecraft:feather":3,"minecraft:cooked_beef":10,"minecraft:andesite":1,"minecraft:glow_ink_sac":1,"minecraft:salmon":1,"alexsmobs:bison_fur":5,"minecraft:oak_log":29,"minecraft:gunpowder":5,"minecraft:lapis_lazuli":37,"minecraft:wooden_hoe":1,"minecraft:dirt":133,"minecraft:cooked_mutton":5,"minecraft:bone":32,"minecraft:apple":2,"minecraft:bow":1,"minecraft:wheat_seeds":10,"minecraft:raw_gold":9,"minecraft:iron_ingot":1,"minecraft:cooked_chicken":2,"minecraft:stone_hoe":2,"minecraft:iron_sword":1,"minecraft:oak_planks":73,"world:crystal_10":2,"minecraft:pumpkin":7,"irons_spellbooks:frozen_bone":13,"minecraft:birch_boat":3,"alexsmobs:fish_bones":1,"minecraft:sweet_berries":18,"minecraft:white_bed":3,"minecraft:spider_eye":4,"minecraft:oak_wood":28,"minecraft:stone_axe":2,"minecraft:granite":1,"alexsmobs:moose_ribs":1,"minecraft:bread":3,"minecraft:oak_sapling":9,"minecraft:coal":204},"minecraft:crafted":{"minecraft:oak_door":3,"minecraft:oak_planks":216,"minecraft:birch_boat":1,"minecraft:cooked_chicken":4,"minecraft:furnace":1,"minecraft:iron_boots":1,"minecraft:iron_axe":1,"minecraft:stone_pickaxe":1,"minecraft:chest":2,"minecraft:cooked_beef":22,"minecraft:cooked_porkchop":13,"minecraft:crafting_table":4,"minecraft:wooden_pickaxe":1,"minecraft:iron_helmet":1,"minecraft:iron_sword":1,"minecraft:cooked_salmon":1,"minecraft:birch_planks":24,"minecraft:stone_axe":4,"minecraft:air":0,"minecraft:oak_boat":1,"minecraft:iron_chestplate":1,"minecraft:shield":2,"minecraft:stick":40,"minecraft:iron_ingot":33,"minecraft:iron_pickaxe":2,"minecraft:wooden_axe":1,"minecraft:iron_leggings":1,"minecraft:torch":100},"minecraft:used":{"minecraft:chest":2,"minecraft:shield":139,"minecraft:iron_sword":240,"minecraft:cooked_salmon":1,"minecraft:cooked_chicken":2,"minecraft:rotten_flesh":48,"minecraft:oak_door":6,"minecraft:torch":221,"minecraft:dirt":98,"minecraft:mutton":2,"minecraft:oak_wood":3,"minecraft:granite":1,"minecraft:snowball":36,"minecraft:wooden_axe":48,"minecraft:iron_axe":142,"world:oak":1,"minecraft:bow":18,"minecraft:sweet_berries":12,"minecraft:oak_sapling":7,"minecraft:furnace":9,"minecraft:cooked_beef":24,"minecraft:cobbled_deepslate":11,"minecraft:cooked_mutton":5,"minecraft:end_rod":1,"minecraft:diorite":6,"minecraft:birch_planks":11,"minecraft:stone_pickaxe":132,"minecraft:oak_planks":21,"minecraft:wooden_pickaxe":40,"minecraft:birch_boat":3,"minecraft:crafting_table":8,"minecraft:white_bed":3,"minecraft:apple":2,"minecraft:bread":3,"minecraft:iron_pickaxe":302,"minecraft:stone_axe":283,"minecraft:cobblestone":283,"minecraft:porkchop":3,"minecraft:cooked_porkchop":11,"minecraft:andesite":1,"minecraft:oak_boat":2,"alexsmobs:animal_dictionary":1},"minecraft:mined":{"minecraft:white_bed":3,"minecraft:oak_sapling":1,"minecraft:oak_door":4,"minecraft:sculk_vein":9,"minecraft:granite":1,"minecraft:grass_block":20,"minecraft:spruce_leaves":5,"minecraft:tall_seagrass":1,"minecraft:furnace":11,"minecraft:iron_ore":55,"minecraft:andesite":1,"minecraft:pumpkin":8,"minecraft:deepslate_lapis_ore":3,"minecraft:deepslate_iron_ore":3,"minecraft:stone":224,"world:leavesoak":1,"minecraft:deepslate_redstone_ore":5,"minecraft:brown_mushroom":18,"world:plantforestbig_1":1,"minecraft:powder_snow":59,"minecraft:crafting_table":10,"minecraft:torch":8,"minecraft:oak_wood":29,"world:pf_2":1,"minecraft:dead_bush":1,"minecraft:sculk_sensor":4,"minecraft:campfire":1,"minecraft:tall_grass":17,"minecraft:cobblestone":53,"minecraft:lapis_ore":3,"minecraft:deepslate_gold_ore":9,"minecraft:oak_planks":26,"minecraft:diorite":11,"minecraft:wall_torch":8,"world:blockbasestairs":1,"minecraft:birch_log":6,"minecraft:sweet_berry_bush":9,"minecraft:birch_leaves":2,"minecraft:grass":25,"minecraft:oak_log":26,"minecraft:coal_ore":47,"minecraft:end_rod":2,"minecraft:sunflower":2,"minecraft:dirt":25,"minecraft:raw_copper_block":1,"minecraft:red_mushroom_block":4,"minecraft:oak_leaves":15,"minecraft:deepslate":9,"minecraft:fern":4},"minecraft:killed":{"irons_spellbooks:summoned_zombie":6,"minecraft:spider":14,"world:dryad":2,"world:appleant_2":1,"minecraft:skeleton":12,"minecraft:chicken":4,"alexsmobs:bison":6,"minecraft:drowned":2,"alexsmobs:tusklin":3,"alexsmobs:skelewag":8,"irons_spellbooks:summoned_skeleton":3,"world:goblin":4,"minecraft:pig":2,"minecraft:zombie_villager":1,"minecraft:salmon":1,"minecraft:creeper":4,"minecraft:sheep":2,"alexsmobs:gelada_monkey":1,"minecraft:zombie":48,"minecraft:stray":3,"alexsmobs:moose":1,"minecraft:glow_squid":1},"minecraft:killed_by":{"minecraft:player":6,"minecraft:creeper":3,"minecraft:spider":1,"alexsmobs:bison":1,"alexsmobs:tusklin":2,"irons_spellbooks:necromancer":3,"minecraft:zombie":4,"mowziesmobs:frostmaw":1}},"DataVersion":3465}