{"stats":{"minecraft:used":{"alexsmobs:cooked_catfish":11,"minecraft:diorite":6,"minecraft:stone_pickaxe":134,"minecraft:shield":18,"minecraft:spruce_planks":53,"minecraft:wooden_pickaxe":51,"minecraft:rotten_flesh":6,"minecraft:torch":35,"minecraft:dirt":99,"minecraft:crafting_table":7,"minecraft:spruce_boat":7,"minecraft:wooden_axe":20,"alexsmobs:maggot":3,"minecraft:iron_pickaxe":59,"minecraft:gravel":1,"minecraft:spruce_sapling":6,"minecraft:stone_axe":29,"minecraft:wooden_sword":39,"minecraft:cobblestone":18,"minecraft:sweet_berries":65,"minecraft:furnace":3,"minecraft:porkchop":2,"minecraft:cooked_porkchop":1,"alexsmobs:animal_dictionary":3,"minecraft:egg":1,"minecraft:cobbled_deepslate":3},"minecraft:broken":{"minecraft:stone_pickaxe":1},"minecraft:custom":{"minecraft:interact_with_furnace":50,"minecraft:mob_kills":23,"minecraft:interact_with_crafting_table":50,"minecraft:leave_game":5,"minecraft:time_since_death":13135,"minecraft:climb_one_cm":1740,"minecraft:time_since_rest":13183,"minecraft:sprint_one_cm":244392,"minecraft:damage_taken":4006,"minecraft:walk_one_cm":342605,"minecraft:damage_blocked_by_shield":380,"minecraft:drop":45,"minecraft:damage_dealt":3682,"minecraft:swim_one_cm":20787,"minecraft:player_kills":1,"minecraft:fly_one_cm":154278,"minecraft:open_chest":16,"minecraft:crouch_one_cm":3004,"minecraft:play_time":124932,"minecraft:deaths":10,"minecraft:sneak_time":1157,"minecraft:walk_under_water_one_cm":31240,"minecraft:boat_one_cm":160728,"minecraft:jump":1481,"minecraft:walk_on_water_one_cm":19805,"minecraft:total_world_time":124932,"minecraft:fall_one_cm":35234},"minecraft:killed_by":{"minecraft:player":2,"minecraft:cave_spider":1,"minecraft:skeleton":3,"minecraft:creeper":1,"minecraft:spider":1},"minecraft:crafted":{"minecraft:wooden_sword":1,"minecraft:crafting_table":4,"minecraft:spruce_planks":124,"minecraft:wooden_pickaxe":2,"minecraft:furnace":2,"minecraft:stone_axe":1,"minecraft:air":0,"minecraft:iron_chestplate":1,"minecraft:charcoal":2,"minecraft:shield":1,"minecraft:stick":44,"minecraft:iron_pickaxe":1,"minecraft:iron_ingot":20,"minecraft:stone_pickaxe":3,"minecraft:iron_leggings":1,"minecraft:spruce_boat":5,"alexsmobs:cooked_catfish":5,"minecraft:torch":40},"minecraft:dropped":{"minecraft:iron_ingot":1,"minecraft:porkchop":6,"minecraft:lapis_lazuli":12,"alexsmobs:animal_dictionary":1,"minecraft:stick":2,"minecraft:spruce_boat":1,"minecraft:torch":2,"minecraft:spider_eye":2,"minecraft:lily_pad":18},"minecraft:mined":{"minecraft:deepslate_redstone_ore":3,"minecraft:spruce_planks":2,"minecraft:crafting_table":2,"minecraft:torch":3,"minecraft:grass_block":7,"minecraft:spruce_leaves":8,"minecraft:lapis_ore":3,"minecraft:diorite":6,"minecraft:large_fern":2,"minecraft:seagrass":5,"minecraft:tall_seagrass":3,"minecraft:spruce_sapling":5,"minecraft:furnace":1,"minecraft:iron_ore":26,"minecraft:sweet_berry_bush":50,"minecraft:spruce_log":42,"minecraft:andesite":2,"minecraft:deepslate_lapis_ore":8,"minecraft:grass":10,"minecraft:coal_ore":50,"minecraft:deepslate_iron_ore":5,"minecraft:dirt":28,"minecraft:stone":74,"minecraft:deepslate":3,"minecraft:fern":4},"minecraft:killed":{"minecraft:pig":2,"minecraft:spider":2,"minecraft:skeleton":1,"minecraft:sheep":4,"alexsmobs:catfish":3,"minecraft:zombie":8,"minecraft:chicken":2},"minecraft:picked_up":{"minecraft:wooden_axe":3,"minecraft:iron_chestplate":1,"minecraft:crafting_table":4,"minecraft:feather":4,"minecraft:chicken":2,"minecraft:andesite":2,"minecraft:wooden_pickaxe":7,"minecraft:lily_pad":34,"minecraft:shield":1,"alexsmobs:cooked_catfish":14,"minecraft:lapis_lazuli":93,"minecraft:dirt":163,"minecraft:string":6,"minecraft:wooden_sword":2,"minecraft:iron_leggings":1,"minecraft:bone":4,"minecraft:wheat_seeds":2,"minecraft:cobbled_deepslate":3,"minecraft:spruce_planks":170,"minecraft:stone_pickaxe":3,"minecraft:iron_pickaxe":1,"minecraft:egg":1,"minecraft:furnace":1,"minecraft:stick":34,"minecraft:raw_iron":45,"minecraft:cooked_porkchop":2,"minecraft:sweet_berries":110,"minecraft:torch":14,"minecraft:gravel":1,"minecraft:porkchop":13,"minecraft:spruce_sapling":7,"minecraft:diorite":21,"minecraft:spruce_log":76,"minecraft:spider_eye":4,"alexsmobs:animal_dictionary":3,"alexsmobs:raw_catfish":10,"minecraft:arrow":4,"minecraft:rotten_flesh":16,"minecraft:spruce_boat":10,"minecraft:stone_axe":2,"minecraft:granite":2,"alexsmobs:maggot":3,"minecraft:oak_sapling":1,"minecraft:mutton":16,"minecraft:coal":89,"minecraft:white_wool":8,"minecraft:cobblestone":120}},"DataVersion":3465}