{"stats":{"minecraft:used":{"minecraft:stone_pickaxe":105,"minecraft:spruce_planks":10,"minecraft:wooden_pickaxe":51,"minecraft:rotten_flesh":6,"minecraft:torch":21,"minecraft:dirt":75,"minecraft:crafting_table":7,"minecraft:spruce_boat":5,"minecraft:wooden_axe":1,"alexsmobs:maggot":3,"minecraft:gravel":1,"minecraft:spruce_sapling":6,"minecraft:stone_axe":29,"minecraft:wooden_sword":39,"minecraft:cobblestone":15,"minecraft:sweet_berries":54,"minecraft:furnace":3,"minecraft:porkchop":2,"minecraft:cooked_porkchop":1,"alexsmobs:animal_dictionary":3,"minecraft:egg":1},"minecraft:custom":{"minecraft:interact_with_furnace":40,"minecraft:mob_kills":13,"minecraft:interact_with_crafting_table":49,"minecraft:leave_game":5,"minecraft:time_since_death":12089,"minecraft:climb_one_cm":1715,"minecraft:time_since_rest":12117,"minecraft:sprint_one_cm":196520,"minecraft:damage_taken":3107,"minecraft:walk_one_cm":258138,"minecraft:drop":45,"minecraft:damage_dealt":1744,"minecraft:swim_one_cm":5975,"minecraft:player_kills":1,"minecraft:fly_one_cm":127231,"minecraft:open_chest":9,"minecraft:crouch_one_cm":1519,"minecraft:play_time":94932,"minecraft:deaths":9,"minecraft:sneak_time":637,"minecraft:walk_under_water_one_cm":17918,"minecraft:boat_one_cm":130533,"minecraft:jump":1134,"minecraft:walk_on_water_one_cm":13947,"minecraft:total_world_time":94932,"minecraft:fall_one_cm":24797},"minecraft:killed_by":{"minecraft:player":2,"minecraft:cave_spider":1,"minecraft:skeleton":3,"minecraft:creeper":1,"minecraft:spider":1},"minecraft:crafted":{"minecraft:wooden_sword":1,"minecraft:crafting_table":4,"minecraft:spruce_planks":116,"minecraft:wooden_pickaxe":2,"minecraft:furnace":2,"minecraft:stone_axe":1,"minecraft:air":0,"minecraft:iron_chestplate":1,"minecraft:charcoal":2,"minecraft:shield":1,"minecraft:stick":44,"minecraft:iron_pickaxe":1,"minecraft:iron_ingot":20,"minecraft:stone_pickaxe":3,"minecraft:iron_leggings":1,"minecraft:spruce_boat":4,"minecraft:torch":40},"minecraft:dropped":{"minecraft:iron_ingot":1,"minecraft:porkchop":6,"minecraft:lapis_lazuli":12,"alexsmobs:animal_dictionary":1,"minecraft:stick":2,"minecraft:spruce_boat":1,"minecraft:torch":2,"minecraft:spider_eye":2,"minecraft:lily_pad":18},"minecraft:mined":{"minecraft:spruce_planks":2,"minecraft:crafting_table":2,"minecraft:torch":2,"minecraft:grass_block":7,"minecraft:spruce_leaves":8,"minecraft:lapis_ore":1,"minecraft:large_fern":2,"minecraft:seagrass":2,"minecraft:spruce_sapling":5,"minecraft:furnace":1,"minecraft:iron_ore":13,"minecraft:sweet_berry_bush":43,"minecraft:spruce_log":40,"minecraft:andesite":2,"minecraft:grass":10,"minecraft:coal_ore":50,"minecraft:dirt":28,"minecraft:stone":70,"minecraft:fern":4},"minecraft:killed":{"minecraft:pig":2,"minecraft:spider":1,"minecraft:skeleton":1,"minecraft:sheep":4,"minecraft:zombie":3,"minecraft:chicken":2},"minecraft:picked_up":{"minecraft:wooden_axe":2,"minecraft:crafting_table":4,"minecraft:feather":4,"minecraft:chicken":2,"minecraft:andesite":2,"minecraft:wooden_pickaxe":6,"minecraft:lily_pad":34,"minecraft:lapis_lazuli":18,"minecraft:dirt":162,"minecraft:string":6,"minecraft:wooden_sword":2,"minecraft:bone":4,"minecraft:wheat_seeds":2,"minecraft:spruce_planks":130,"minecraft:stone_pickaxe":3,"minecraft:egg":1,"minecraft:furnace":1,"minecraft:stick":24,"minecraft:raw_iron":18,"minecraft:cooked_porkchop":2,"minecraft:sweet_berries":95,"minecraft:torch":5,"minecraft:gravel":1,"minecraft:porkchop":13,"minecraft:spruce_sapling":7,"minecraft:diorite":15,"minecraft:spruce_log":74,"minecraft:spider_eye":4,"alexsmobs:animal_dictionary":3,"minecraft:arrow":4,"minecraft:rotten_flesh":9,"minecraft:spruce_boat":7,"minecraft:stone_axe":2,"minecraft:granite":2,"alexsmobs:maggot":3,"minecraft:oak_sapling":1,"minecraft:mutton":16,"minecraft:coal":89,"minecraft:white_wool":8,"minecraft:cobblestone":116}},"DataVersion":3465}