{"stats":{"minecraft:custom":{"minecraft:jump":9,"minecraft:time_since_rest":3068,"minecraft:sprint_one_cm":1475,"minecraft:play_time":3068,"minecraft:time_since_death":3068,"minecraft:walk_one_cm":3893,"minecraft:sneak_time":1,"minecraft:total_world_time":3068,"minecraft:interact_with_crafting_table":1,"minecraft:fall_one_cm":209,"minecraft:fly_one_cm":1612},"minecraft:picked_up":{"minecraft:oak_log":6},"minecraft:crafted":{"minecraft:crafting_table":1,"minecraft:oak_planks":24,"minecraft:stick":4,"minecraft:wooden_axe":1},"minecraft:used":{"minecraft:crafting_table":1},"minecraft:mined":{"minecraft:oak_log":6,"minecraft:oak_leaves":1}},"DataVersion":3465}