{"stats":{"minecraft:broken":{"minecraft:stone_pickaxe":1,"minecraft:stone_axe":3},"minecraft:custom":{"minecraft:interact_with_furnace":28,"minecraft:mob_kills":49,"minecraft:interact_with_crafting_table":16,"minecraft:leave_game":2,"minecraft:time_since_death":3245,"minecraft:time_since_rest":3280,"minecraft:sprint_one_cm":191476,"minecraft:damage_taken":4971,"minecraft:walk_one_cm":323978,"minecraft:damage_blocked_by_shield":1281,"minecraft:drop":44,"minecraft:damage_dealt":10479,"minecraft:player_kills":2,"minecraft:swim_one_cm":12373,"minecraft:fly_one_cm":182941,"minecraft:open_chest":13,"minecraft:crouch_one_cm":1641,"minecraft:play_time":97460,"minecraft:deaths":11,"minecraft:sneak_time":1540,"minecraft:walk_under_water_one_cm":2427,"minecraft:jump":1509,"minecraft:walk_on_water_one_cm":6736,"minecraft:total_world_time":97460,"minecraft:fall_one_cm":37224},"minecraft:dropped":{"minecraft:cooked_porkchop":1,"minecraft:oak_planks":24,"minecraft:stick":6,"minecraft:diorite":5,"irons_spellbooks:frozen_bone":8},"minecraft:picked_up":{"minecraft:crafting_table":3,"minecraft:feather":2,"minecraft:chicken":2,"minecraft:salmon":1,"minecraft:oak_log":22,"minecraft:gunpowder":1,"minecraft:string":3,"minecraft:dirt":98,"minecraft:cooked_mutton":5,"minecraft:bone":4,"minecraft:apple":2,"minecraft:wheat_seeds":2,"minecraft:beef":23,"minecraft:oak_planks":25,"minecraft:furnace":2,"minecraft:tipped_arrow":1,"minecraft:raw_iron":7,"minecraft:stick":6,"irons_spellbooks:frozen_bone":8,"minecraft:torch":1,"minecraft:porkchop":9,"minecraft:diorite":15,"minecraft:spider_eye":2,"minecraft:oak_wood":25,"minecraft:arrow":3,"minecraft:rotten_flesh":37,"minecraft:end_rod":1,"minecraft:oak_sapling":8,"minecraft:coal":79,"minecraft:snowball":65,"minecraft:cobblestone":161},"minecraft:crafted":{"minecraft:cooked_beef":14,"minecraft:oak_door":3,"minecraft:oak_planks":188,"minecraft:cooked_porkchop":6,"minecraft:crafting_table":1,"minecraft:wooden_pickaxe":1,"minecraft:cooked_chicken":2,"minecraft:furnace":1,"minecraft:cooked_salmon":1,"minecraft:stone_axe":4,"minecraft:air":0,"minecraft:shield":1,"minecraft:stick":20,"minecraft:iron_ingot":5,"minecraft:iron_pickaxe":1,"minecraft:stone_pickaxe":1,"minecraft:wooden_axe":1,"minecraft:chest":2,"minecraft:torch":16},"minecraft:mined":{"minecraft:oak_sapling":1,"minecraft:crafting_table":3,"minecraft:oak_wood":26,"minecraft:grass_block":5,"minecraft:tall_grass":10,"minecraft:cobblestone":40,"minecraft:oak_planks":26,"minecraft:diorite":10,"minecraft:furnace":2,"minecraft:iron_ore":7,"minecraft:birch_leaves":1,"minecraft:grass":7,"minecraft:oak_log":22,"minecraft:coal_ore":40,"minecraft:end_rod":1,"minecraft:dirt":14,"minecraft:stone":101,"minecraft:oak_leaves":10},"minecraft:used":{"minecraft:diorite":5,"minecraft:end_rod":1,"minecraft:stone_pickaxe":132,"minecraft:wooden_pickaxe":40,"minecraft:chest":2,"minecraft:shield":40,"minecraft:cooked_salmon":1,"minecraft:cooked_chicken":2,"minecraft:rotten_flesh":21,"minecraft:torch":17,"minecraft:oak_door":2,"minecraft:dirt":46,"minecraft:crafting_table":3,"minecraft:snowball":32,"minecraft:wooden_axe":48,"minecraft:apple":2,"minecraft:iron_pickaxe":34,"minecraft:stone_axe":231,"minecraft:cobblestone":118,"minecraft:furnace":2,"minecraft:oak_sapling":7,"minecraft:cooked_porkchop":5,"alexsmobs:animal_dictionary":1,"minecraft:cooked_beef":7},"minecraft:killed":{"irons_spellbooks:summoned_zombie":4,"minecraft:zombie_villager":1,"minecraft:salmon":1,"minecraft:spider":5,"minecraft:creeper":1,"minecraft:skeleton":1,"minecraft:zombie":23,"minecraft:chicken":2,"minecraft:stray":2,"alexsmobs:bison":3,"alexsmobs:tusklin":2,"irons_spellbooks:summoned_skeleton":1},"minecraft:killed_by":{"minecraft:player":4,"minecraft:creeper":1,"minecraft:spider":1,"minecraft:zombie":2,"alexsmobs:bison":1,"alexsmobs:tusklin":2}},"DataVersion":3465}