{"stats":{"minecraft:custom":{"minecraft:time_since_rest":25987,"minecraft:walk_under_water_one_cm":318,"minecraft:play_time":25987,"minecraft:sprint_one_cm":25354,"minecraft:damage_taken":220,"minecraft:walk_one_cm":26726,"minecraft:sneak_time":2,"minecraft:mob_kills":5,"minecraft:drop":6,"minecraft:jump":128,"minecraft:damage_dealt":527,"minecraft:walk_on_water_one_cm":3375,"minecraft:leave_game":1,"minecraft:time_since_death":25987,"minecraft:total_world_time":25987,"minecraft:swim_one_cm":4242,"minecraft:interact_with_crafting_table":4,"minecraft:fall_one_cm":3326,"minecraft:fly_one_cm":20967},"minecraft:dropped":{"minecraft:stick":6},"minecraft:picked_up":{"minecraft:feather":2,"minecraft:stick":6,"minecraft:crafting_table":2,"minecraft:chicken":2,"minecraft:rotten_flesh":2,"minecraft:apple":2,"minecraft:wheat_seeds":1,"minecraft:oak_log":22,"minecraft:oak_sapling":7},"minecraft:crafted":{"minecraft:oak_planks":88,"minecraft:crafting_table":1,"minecraft:stick":4,"minecraft:wooden_pickaxe":1,"minecraft:wooden_axe":1},"minecraft:mined":{"minecraft:grass":6,"minecraft:oak_log":22,"minecraft:birch_leaves":1,"minecraft:oak_leaves":10,"minecraft:crafting_table":2},"minecraft:used":{"minecraft:rotten_flesh":1,"minecraft:wooden_axe":48,"minecraft:apple":2,"minecraft:crafting_table":2,"minecraft:oak_sapling":4,"alexsmobs:animal_dictionary":1},"minecraft:killed":{"minecraft:zombie":2,"minecraft:chicken":2}},"DataVersion":3465}