{"stats":{"minecraft:broken":{"minecraft:stone_pickaxe":1,"minecraft:stone_axe":3},"minecraft:custom":{"minecraft:interact_with_furnace":28,"minecraft:mob_kills":58,"minecraft:interact_with_crafting_table":16,"minecraft:leave_game":2,"minecraft:time_since_death":1810,"minecraft:time_since_rest":1832,"minecraft:sprint_one_cm":230891,"minecraft:damage_taken":6721,"minecraft:walk_one_cm":417194,"minecraft:damage_blocked_by_shield":1356,"minecraft:drop":45,"minecraft:damage_dealt":12111,"minecraft:player_kills":2,"minecraft:swim_one_cm":13284,"minecraft:fly_one_cm":206990,"minecraft:open_chest":13,"minecraft:crouch_one_cm":6265,"minecraft:play_time":121460,"minecraft:deaths":16,"minecraft:sneak_time":2631,"minecraft:walk_under_water_one_cm":24199,"minecraft:jump":1893,"minecraft:walk_on_water_one_cm":48492,"minecraft:total_world_time":121460,"minecraft:fall_one_cm":65001},"minecraft:dropped":{"minecraft:cooked_porkchop":1,"minecraft:oak_planks":24,"minecraft:stick":6,"minecraft:diorite":5,"irons_spellbooks:frozen_bone":9},"minecraft:picked_up":{"minecraft:crafting_table":3,"minecraft:feather":2,"minecraft:andesite":1,"minecraft:chicken":2,"minecraft:glow_ink_sac":1,"minecraft:salmon":1,"minecraft:oak_log":22,"minecraft:gunpowder":3,"minecraft:lapis_lazuli":7,"minecraft:string":3,"minecraft:dirt":99,"minecraft:cooked_mutton":5,"minecraft:bone":6,"minecraft:apple":2,"minecraft:wheat_seeds":2,"minecraft:cobbled_deepslate":3,"minecraft:raw_gold":9,"minecraft:iron_ingot":1,"minecraft:beef":23,"minecraft:oak_planks":73,"minecraft:furnace":2,"minecraft:tipped_arrow":1,"minecraft:raw_iron":42,"minecraft:stick":8,"minecraft:oak_door":1,"irons_spellbooks:frozen_bone":9,"minecraft:torch":4,"minecraft:porkchop":9,"minecraft:diorite":15,"minecraft:redstone":24,"minecraft:spider_eye":2,"minecraft:oak_wood":25,"minecraft:arrow":4,"minecraft:rotten_flesh":43,"minecraft:granite":1,"minecraft:end_rod":1,"minecraft:oak_sapling":8,"minecraft:coal":79,"minecraft:snowball":65,"minecraft:cobblestone":180},"minecraft:crafted":{"minecraft:cooked_beef":14,"minecraft:oak_door":3,"minecraft:oak_planks":188,"minecraft:cooked_porkchop":6,"minecraft:crafting_table":1,"minecraft:wooden_pickaxe":1,"minecraft:cooked_chicken":2,"minecraft:furnace":1,"minecraft:cooked_salmon":1,"minecraft:stone_axe":4,"minecraft:air":0,"minecraft:shield":1,"minecraft:stick":28,"minecraft:iron_ingot":5,"minecraft:iron_pickaxe":1,"minecraft:stone_pickaxe":1,"minecraft:wooden_axe":1,"minecraft:chest":2,"minecraft:torch":56},"minecraft:used":{"minecraft:diorite":5,"minecraft:end_rod":1,"minecraft:stone_pickaxe":132,"minecraft:wooden_pickaxe":40,"minecraft:chest":2,"minecraft:shield":45,"minecraft:cooked_salmon":1,"minecraft:cooked_chicken":2,"minecraft:rotten_flesh":21,"minecraft:torch":52,"minecraft:oak_door":3,"minecraft:dirt":46,"minecraft:crafting_table":3,"minecraft:snowball":35,"minecraft:wooden_axe":48,"minecraft:apple":2,"minecraft:iron_pickaxe":118,"minecraft:stone_axe":264,"minecraft:cobblestone":119,"minecraft:furnace":2,"minecraft:oak_sapling":7,"minecraft:cooked_porkchop":5,"alexsmobs:animal_dictionary":1,"minecraft:cooked_beef":10,"minecraft:cobbled_deepslate":3},"minecraft:mined":{"minecraft:deepslate_redstone_ore":5,"minecraft:oak_sapling":1,"minecraft:oak_door":1,"minecraft:sculk_vein":9,"minecraft:torch":3,"minecraft:crafting_table":3,"minecraft:granite":1,"minecraft:oak_wood":26,"minecraft:grass_block":5,"minecraft:sculk_sensor":4,"minecraft:tall_grass":10,"minecraft:cobblestone":40,"minecraft:deepslate_gold_ore":9,"minecraft:lapis_ore":1,"minecraft:oak_planks":26,"minecraft:diorite":10,"minecraft:furnace":2,"minecraft:iron_ore":42,"minecraft:andesite":1,"minecraft:birch_leaves":1,"minecraft:grass":7,"minecraft:oak_log":22,"minecraft:coal_ore":40,"minecraft:end_rod":1,"minecraft:dirt":14,"minecraft:stone":116,"minecraft:oak_leaves":10,"minecraft:deepslate":3},"minecraft:killed":{"irons_spellbooks:summoned_zombie":4,"minecraft:zombie_villager":1,"minecraft:salmon":1,"minecraft:spider":5,"minecraft:creeper":2,"minecraft:skeleton":1,"minecraft:zombie":30,"minecraft:chicken":2,"minecraft:stray":2,"alexsmobs:bison":3,"minecraft:glow_squid":1,"alexsmobs:tusklin":2,"irons_spellbooks:summoned_skeleton":1},"minecraft:killed_by":{"minecraft:player":4,"minecraft:creeper":1,"minecraft:spider":1,"minecraft:zombie":3,"alexsmobs:bison":1,"alexsmobs:tusklin":2}},"DataVersion":3465}