{"stats":{"minecraft:broken":{"minecraft:iron_boots":1,"minecraft:iron_leggings":1,"minecraft:stone_pickaxe":1,"minecraft:iron_axe":1,"minecraft:stone_axe":3,"minecraft:iron_sword":1,"minecraft:iron_helmet":1},"minecraft:custom":{"minecraft:mob_kills":192,"minecraft:interact_with_crafting_table":57,"minecraft:leave_game":9,"minecraft:time_since_death":3023,"minecraft:sprint_one_cm":877784,"minecraft:walk_one_cm":1477229,"minecraft:damage_blocked_by_shield":6912,"minecraft:drop":217,"minecraft:talked_to_villager":2,"minecraft:play_time":462656,"minecraft:sneak_time":4546,"minecraft:deaths":32,"minecraft:walk_under_water_one_cm":77415,"minecraft:boat_one_cm":180966,"minecraft:jump":6436,"minecraft:walk_on_water_one_cm":97728,"minecraft:total_world_time":462656,"minecraft:interact_with_furnace":96,"minecraft:sleep_in_bed":8,"minecraft:time_since_rest":3052,"minecraft:damage_taken":14937,"minecraft:damage_dealt":38931,"minecraft:player_kills":3,"minecraft:swim_one_cm":38375,"minecraft:fly_one_cm":859240,"minecraft:open_chest":95,"minecraft:crouch_one_cm":10892,"minecraft:fall_one_cm":144065},"minecraft:dropped":{"minecraft:stone_hoe":2,"minecraft:iron_ingot":2,"minecraft:iron_sword":1,"minecraft:birch_planks":4,"minecraft:wheat_seeds":13,"minecraft:diamond":10,"minecraft:dripstone_block":8,"minecraft:cooked_porkchop":2,"mowziesmobs:ice_crystal":1,"minecraft:feather":1,"minecraft:stick":12,"minecraft:end_rod":1,"minecraft:dirt":2,"minecraft:diorite":5,"minecraft:wooden_hoe":1,"minecraft:torch":1,"minecraft:wooden_axe":5,"world:oak":8,"minecraft:iron_pickaxe":1,"minecraft:string":1,"irons_spellbooks:frozen_bone":11,"minecraft:white_wool":1,"minecraft:gravel":3,"minecraft:stone_axe":3,"minecraft:sweet_berries":8,"minecraft:cooked_chicken":4,"minecraft:cobbled_deepslate":32,"minecraft:tuff":1,"minecraft:raw_iron":2,"minecraft:pointed_dripstone":6,"minecraft:cherry_sapling":2,"minecraft:chicken":2,"minecraft:rotten_flesh":18,"minecraft:oak_planks":25,"minecraft:carrot":1,"minecraft:shield":2,"minecraft:gunpowder":4,"minecraft:charcoal":2,"alexsmobs:moose_ribs":1,"minecraft:spider_eye":2,"minecraft:birch_boat":1,"minecraft:wooden_pickaxe":5,"world:crystal_10":1},"minecraft:picked_up":{"minecraft:wooden_axe":5,"irons_spellbooks:scroll":1,"minecraft:charcoal":2,"minecraft:crafting_table":10,"minecraft:chicken":6,"minecraft:brown_mushroom":18,"minecraft:lead":1,"minecraft:wooden_pickaxe":5,"minecraft:shield":1,"minecraft:string":20,"minecraft:cobbled_deepslate":53,"minecraft:beef":51,"minecraft:oak_boat":3,"minecraft:raw_copper_block":1,"minecraft:furnace":12,"minecraft:tipped_arrow":1,"minecraft:stick":30,"minecraft:raw_iron":187,"minecraft:oak_door":4,"minecraft:torch":130,"minecraft:porkchop":23,"minecraft:pointed_dripstone":12,"minecraft:diorite":16,"minecraft:carrot":2,"minecraft:redstone":24,"minecraft:arrow":12,"minecraft:rotten_flesh":107,"mowziesmobs:ice_crystal":1,"minecraft:end_rod":2,"minecraft:mutton":4,"minecraft:snowball":68,"minecraft:white_wool":2,"minecraft:cobblestone":336,"minecraft:birch_log":6,"minecraft:pink_petals":66,"minecraft:feather":3,"minecraft:cooked_beef":10,"minecraft:andesite":1,"minecraft:glow_ink_sac":23,"minecraft:salmon":1,"alexsmobs:bison_fur":5,"minecraft:tuff":2,"minecraft:oak_log":29,"minecraft:gunpowder":7,"minecraft:wooden_hoe":1,"minecraft:lapis_lazuli":58,"minecraft:dirt":188,"minecraft:cooked_mutton":5,"minecraft:bone":39,"minecraft:apple":2,"minecraft:bow":1,"minecraft:wheat_seeds":16,"minecraft:raw_gold":35,"minecraft:iron_ingot":1,"minecraft:cooked_chicken":2,"minecraft:stone_hoe":2,"minecraft:iron_sword":1,"minecraft:oak_planks":74,"world:crystal_10":2,"minecraft:pumpkin":7,"irons_spellbooks:frozen_bone":13,"minecraft:birch_boat":3,"alexsmobs:fish_bones":1,"minecraft:sweet_berries":18,"minecraft:dripstone_block":15,"minecraft:gravel":6,"minecraft:white_bed":3,"minecraft:spider_eye":8,"world:oak":8,"minecraft:oak_wood":28,"minecraft:diamond":12,"minecraft:stone_axe":2,"minecraft:granite":1,"minecraft:cherry_sapling":22,"alexsmobs:moose_ribs":1,"minecraft:bread":6,"minecraft:emerald":1,"alexsmobs:maggot":1,"minecraft:oak_sapling":9,"minecraft:coal":204},"minecraft:crafted":{"minecraft:oak_door":3,"minecraft:oak_planks":216,"minecraft:birch_boat":1,"minecraft:cooked_chicken":4,"minecraft:furnace":1,"minecraft:cooked_mutton":2,"minecraft:bow":1,"minecraft:iron_boots":2,"minecraft:iron_axe":1,"minecraft:stone_pickaxe":1,"minecraft:chest":3,"minecraft:cooked_beef":22,"minecraft:cooked_porkchop":13,"minecraft:crafting_table":4,"minecraft:wooden_pickaxe":1,"minecraft:iron_helmet":2,"minecraft:iron_sword":2,"minecraft:cooked_salmon":1,"minecraft:bucket":1,"minecraft:birch_planks":24,"minecraft:stone_axe":4,"minecraft:air":0,"minecraft:oak_boat":1,"minecraft:iron_chestplate":2,"minecraft:diamond_pickaxe":1,"minecraft:shield":3,"minecraft:stick":64,"minecraft:iron_ingot":64,"minecraft:iron_pickaxe":3,"minecraft:wooden_axe":1,"minecraft:iron_shovel":1,"minecraft:iron_leggings":2,"minecraft:torch":196},"minecraft:mined":{"minecraft:tuff":1,"minecraft:white_bed":3,"minecraft:oak_sapling":1,"minecraft:deepslate_diamond_ore":4,"minecraft:oak_door":4,"minecraft:sculk_vein":9,"minecraft:cherry_sapling":1,"minecraft:granite":2,"minecraft:grass_block":53,"minecraft:spruce_leaves":5,"minecraft:tall_seagrass":1,"minecraft:furnace":11,"minecraft:iron_ore":94,"minecraft:andesite":1,"minecraft:pumpkin":8,"minecraft:deepslate_lapis_ore":7,"minecraft:pointed_dripstone":3,"minecraft:dirt_path":1,"minecraft:deepslate_iron_ore":45,"minecraft:stone":234,"world:leavesoak":1,"minecraft:deepslate_redstone_ore":5,"minecraft:brown_mushroom":18,"world:plantforestbig_1":1,"minecraft:powder_snow":59,"minecraft:torch":10,"minecraft:crafting_table":10,"minecraft:emerald_ore":1,"minecraft:oak_wood":29,"world:pf_2":1,"minecraft:dead_bush":1,"minecraft:sculk_sensor":4,"minecraft:campfire":1,"minecraft:tall_grass":22,"minecraft:cobblestone":53,"minecraft:deepslate_gold_ore":34,"minecraft:lapis_ore":3,"minecraft:oak_planks":26,"minecraft:diorite":11,"minecraft:wall_torch":9,"minecraft:pink_petals":15,"world:blockbasestairs":1,"minecraft:birch_log":6,"minecraft:sweet_berry_bush":9,"minecraft:birch_leaves":2,"minecraft:grass":34,"minecraft:coal_ore":47,"minecraft:oak_log":26,"minecraft:end_rod":2,"minecraft:sunflower":2,"minecraft:dirt":47,"minecraft:red_mushroom_block":4,"minecraft:raw_copper_block":1,"minecraft:gold_ore":1,"minecraft:oak_leaves":15,"minecraft:deepslate":42,"minecraft:fern":4},"minecraft:used":{"minecraft:cherry_sapling":10,"minecraft:iron_shovel":7,"minecraft:chest":3,"minecraft:shield":223,"minecraft:iron_sword":461,"minecraft:cooked_salmon":1,"minecraft:cooked_chicken":2,"minecraft:rotten_flesh":90,"minecraft:oak_door":6,"minecraft:torch":320,"minecraft:dirt":146,"minecraft:mutton":2,"minecraft:carrot":1,"minecraft:oak_wood":3,"minecraft:granite":1,"minecraft:snowball":36,"minecraft:wooden_axe":48,"minecraft:iron_axe":159,"world:oak":7,"minecraft:bow":18,"minecraft:sweet_berries":12,"minecraft:oak_sapling":7,"minecraft:furnace":9,"minecraft:cooked_beef":31,"minecraft:cobbled_deepslate":16,"minecraft:end_rod":1,"minecraft:cooked_mutton":7,"minecraft:water_bucket":3,"minecraft:diorite":6,"minecraft:birch_planks":11,"minecraft:stone_pickaxe":132,"minecraft:oak_planks":24,"minecraft:wooden_pickaxe":40,"minecraft:birch_boat":3,"minecraft:crafting_table":8,"minecraft:white_bed":3,"minecraft:dripstone_block":7,"minecraft:diamond_pickaxe":54,"minecraft:apple":2,"minecraft:bread":3,"minecraft:iron_pickaxe":415,"minecraft:stone_axe":283,"minecraft:pink_petals":7,"minecraft:cobblestone":287,"minecraft:porkchop":3,"minecraft:cooked_porkchop":11,"minecraft:andesite":1,"minecraft:bucket":4,"minecraft:oak_boat":2,"alexsmobs:animal_dictionary":1},"minecraft:killed":{"irons_spellbooks:summoned_zombie":6,"minecraft:spider":22,"world:dryad":2,"world:appleant_2":1,"minecraft:skeleton":21,"minecraft:chicken":5,"alexsmobs:bison":6,"minecraft:drowned":2,"alexsmobs:tusklin":3,"alexsmobs:skelewag":8,"irons_spellbooks:summoned_skeleton":3,"world:goblin":4,"minecraft:pig":2,"minecraft:zombie_villager":1,"minecraft:salmon":1,"minecraft:creeper":4,"minecraft:sheep":2,"alexsmobs:gelada_monkey":1,"minecraft:zombie":87,"minecraft:stray":3,"alexsmobs:moose":1,"alexsmobs:fly":1,"minecraft:glow_squid":1},"minecraft:killed_by":{"minecraft:player":6,"minecraft:creeper":3,"minecraft:spider":1,"alexsmobs:bison":1,"alexsmobs:tusklin":2,"alexsmobs:tiger":2,"irons_spellbooks:necromancer":3,"minecraft:skeleton":1,"minecraft:zombie":6,"mowziesmobs:frostmaw":1}},"DataVersion":3465}