{"stats":{"minecraft:used":{"minecraft:stone_pickaxe":26,"minecraft:spruce_planks":9,"minecraft:wooden_pickaxe":47,"minecraft:rotten_flesh":5,"minecraft:torch":4,"minecraft:dirt":23,"minecraft:crafting_table":6,"minecraft:spruce_boat":2,"alexsmobs:maggot":3,"minecraft:spruce_sapling":6,"minecraft:stone_axe":29,"minecraft:wooden_sword":39,"minecraft:cobblestone":9,"minecraft:sweet_berries":38,"minecraft:furnace":1,"minecraft:porkchop":2,"alexsmobs:animal_dictionary":3,"minecraft:egg":1},"minecraft:custom":{"minecraft:interact_with_furnace":29,"minecraft:mob_kills":13,"minecraft:interact_with_crafting_table":33,"minecraft:leave_game":4,"minecraft:time_since_death":14975,"minecraft:climb_one_cm":1163,"minecraft:time_since_rest":15022,"minecraft:sprint_one_cm":129652,"minecraft:damage_taken":2336,"minecraft:walk_one_cm":176390,"minecraft:drop":12,"minecraft:damage_dealt":1696,"minecraft:swim_one_cm":5975,"minecraft:fly_one_cm":87498,"minecraft:player_kills":1,"minecraft:crouch_one_cm":308,"minecraft:play_time":59061,"minecraft:deaths":7,"minecraft:sneak_time":354,"minecraft:walk_under_water_one_cm":8965,"minecraft:boat_one_cm":87918,"minecraft:jump":745,"minecraft:walk_on_water_one_cm":10203,"minecraft:total_world_time":59061,"minecraft:fall_one_cm":19945},"minecraft:killed_by":{"minecraft:player":1,"minecraft:cave_spider":1,"minecraft:skeleton":2,"minecraft:creeper":1,"minecraft:spider":1},"minecraft:crafted":{"minecraft:wooden_sword":1,"minecraft:crafting_table":3,"minecraft:spruce_planks":100,"minecraft:wooden_pickaxe":2,"minecraft:furnace":1,"minecraft:stone_axe":1,"minecraft:air":0,"minecraft:charcoal":2,"minecraft:stick":20,"minecraft:stone_pickaxe":2,"minecraft:spruce_boat":2,"minecraft:torch":8},"minecraft:dropped":{"minecraft:porkchop":6,"alexsmobs:animal_dictionary":1,"minecraft:stick":2,"minecraft:spruce_boat":1,"minecraft:spider_eye":2},"minecraft:mined":{"minecraft:spruce_planks":2,"minecraft:crafting_table":2,"minecraft:torch":2,"minecraft:grass_block":5,"minecraft:spruce_leaves":8,"minecraft:large_fern":2,"minecraft:seagrass":1,"minecraft:spruce_sapling":5,"minecraft:furnace":1,"minecraft:sweet_berry_bush":36,"minecraft:spruce_log":36,"minecraft:andesite":2,"minecraft:grass":8,"minecraft:dirt":20,"minecraft:stone":56,"minecraft:fern":4},"minecraft:killed":{"minecraft:pig":2,"minecraft:spider":1,"minecraft:sheep":4,"minecraft:skeleton":1,"minecraft:zombie":3,"minecraft:chicken":2},"minecraft:picked_up":{"minecraft:crafting_table":4,"minecraft:feather":4,"minecraft:chicken":2,"minecraft:andesite":2,"minecraft:wooden_pickaxe":5,"minecraft:dirt":90,"minecraft:string":6,"minecraft:wooden_sword":2,"minecraft:bone":4,"minecraft:wheat_seeds":2,"minecraft:spruce_planks":75,"minecraft:stone_pickaxe":2,"minecraft:egg":1,"minecraft:furnace":1,"minecraft:stick":24,"minecraft:sweet_berries":86,"minecraft:torch":3,"minecraft:porkchop":13,"minecraft:spruce_sapling":7,"minecraft:diorite":15,"minecraft:spruce_log":70,"alexsmobs:animal_dictionary":3,"minecraft:spider_eye":4,"minecraft:arrow":4,"minecraft:rotten_flesh":8,"minecraft:stone_axe":1,"minecraft:spruce_boat":4,"minecraft:granite":2,"alexsmobs:maggot":3,"minecraft:mutton":16,"minecraft:white_wool":8,"minecraft:cobblestone":89}},"DataVersion":3465}