{"stats":{"minecraft:picked_up":{"minecraft:wooden_axe":5,"irons_spellbooks:scroll":1,"minecraft:birch_door":4,"minecraft:iron_chestplate":7,"minecraft:wheat":18,"minecraft:oak_stairs":39,"minecraft:string":87,"minecraft:soul_soil":4,"irons_spellbooks:graybeard_staff":1,"minecraft:iron_leggings":7,"irons_spellbooks:arcane_essence":8,"minecraft:gold_nugget":5,"minecraft:cobbled_deepslate":79,"minecraft:spruce_planks":172,"minecraft:white_tulip":2,"minecraft:iron_pickaxe":10,"minecraft:furnace":7,"minecraft:iron_boots":7,"minecraft:stick":90,"minecraft:oak_fence":5,"minecraft:torch":79,"minecraft:porkchop":25,"minecraft:pointed_dripstone":12,"minecraft:diorite":151,"minecraft:rotten_flesh":79,"alexsmobs:flying_fish_boots":3,"minecraft:obsidian":21,"minecraft:cod":4,"alexsmobs:flying_fish":16,"minecraft:cobblestone":785,"minecraft:birch_log":72,"minecraft:feather":10,"minecraft:water_bucket":3,"minecraft:andesite":41,"minecraft:potato":1,"minecraft:flint":3,"minecraft:light_gray_dye":3,"minecraft:lapis_lazuli":211,"minecraft:dirt":261,"minecraft:glass":24,"minecraft:bone":35,"minecraft:bow":1,"minecraft:wheat_seeds":61,"minecraft:raw_gold":26,"minecraft:oak_planks":548,"minecraft:cooked_porkchop":2,"minecraft:sand":148,"minecraft:ink_sac":3,"minecraft:grass_block":1,"alexsmobs:animal_dictionary":4,"minecraft:diamond":7,"minecraft:spruce_boat":12,"minecraft:granite":43,"minecraft:bone_meal":2,"minecraft:emerald":5,"minecraft:bread":5,"alexsmobs:maggot":3,"minecraft:oak_sapling":13,"minecraft:netherrack":124,"minecraft:crafting_table":10,"minecraft:chicken":7,"minecraft:chest_minecart":1,"irons_spellbooks:tarnished_helmet":2,"minecraft:wooden_pickaxe":9,"minecraft:shield":13,"alexsmobs:cooked_catfish":53,"minecraft:iron_axe":5,"minecraft:wooden_sword":2,"minecraft:iron_shovel":1,"minecraft:blackstone":2,"minecraft:beef":32,"minecraft:oak_boat":6,"minecraft:poppy":1,"minecraft:sugar_cane":14,"minecraft:chest":2,"minecraft:birch_sapling":1,"minecraft:egg":5,"minecraft:raw_iron":238,"minecraft:sandstone":1,"minecraft:oak_door":22,"alexsmobs:straddlite":1,"minecraft:tnt":4,"minecraft:arrow":22,"minecraft:pink_tulip":6,"minecraft:mutton":30,"minecraft:rail":1,"minecraft:white_wool":19,"minecraft:basalt":146,"minecraft:salmon":1,"minecraft:cut_sandstone":4,"minecraft:leather":27,"minecraft:birch_planks":225,"minecraft:oak_log":214,"minecraft:lily_pad":62,"minecraft:gunpowder":10,"minecraft:wooden_hoe":2,"minecraft:apple":2,"minecraft:kelp":28,"minecraft:iron_ingot":1,"minecraft:stone_pickaxe":4,"minecraft:cooked_chicken":2,"minecraft:soul_sand":1,"minecraft:iron_sword":10,"minecraft:book":4,"minecraft:birch_boat":3,"minecraft:sweet_berries":110,"minecraft:quartz":11,"minecraft:dandelion":1,"minecraft:gravel":14,"minecraft:lava_bucket":2,"minecraft:birch_stairs":5,"minecraft:spruce_sapling":8,"minecraft:white_bed":3,"minecraft:spruce_log":76,"minecraft:spider_eye":20,"alexsmobs:raw_catfish":58,"minecraft:slime_ball":4,"minecraft:stone_axe":2,"minecraft:iron_helmet":5,"minecraft:black_wool":2,"minecraft:coal":285},"minecraft:used":{"minecraft:chest":1,"minecraft:shield":190,"minecraft:iron_sword":435,"minecraft:rotten_flesh":57,"minecraft:iron_chestplate":1,"minecraft:mutton":3,"minecraft:obsidian":10,"minecraft:spruce_boat":7,"minecraft:glass":16,"minecraft:lava_bucket":3,"minecraft:grass_block":1,"alexsmobs:cooked_lobster_tail":2,"minecraft:iron_helmet":1,"minecraft:bow":26,"minecraft:sweet_berries":77,"minecraft:oak_sapling":12,"minecraft:furnace":11,"minecraft:cooked_cod":7,"minecraft:egg":5,"minecraft:potato":2,"alexsmobs:raw_catfish":5,"minecraft:diorite":6,"minecraft:stone_pickaxe":134,"minecraft:oak_planks":436,"alexsmobs:flying_fish_boots":3,"minecraft:wooden_pickaxe":51,"minecraft:sand":95,"minecraft:bread":10,"minecraft:gravel":11,"minecraft:wooden_sword":39,"minecraft:andesite":2,"minecraft:oak_boat":8,"minecraft:bone_meal":54,"minecraft:oak_fence":9,"minecraft:enchanting_table":1,"minecraft:flint_and_steel":1,"minecraft:spruce_planks":53,"minecraft:cooked_chicken":3,"minecraft:netherrack":124,"minecraft:oak_door":16,"minecraft:torch":233,"minecraft:dirt":172,"minecraft:granite":1,"minecraft:birch_door":4,"minecraft:wooden_axe":21,"alexsmobs:maggot":3,"minecraft:iron_axe":640,"minecraft:oak_stairs":232,"minecraft:iron_boots":3,"minecraft:basalt":94,"minecraft:beef":5,"minecraft:soul_soil":1,"minecraft:cooked_beef":6,"minecraft:cobbled_deepslate":13,"minecraft:iron_leggings":3,"minecraft:wheat_seeds":15,"minecraft:cooked_mutton":3,"alexsmobs:cooked_catfish":42,"minecraft:water_bucket":75,"minecraft:birch_planks":164,"minecraft:birch_boat":3,"minecraft:salmon":1,"minecraft:crafting_table":16,"minecraft:white_bed":4,"minecraft:cod":1,"minecraft:oak_log":25,"minecraft:diamond_pickaxe":223,"minecraft:apple":2,"minecraft:iron_pickaxe":1049,"minecraft:spruce_sapling":6,"minecraft:stone_axe":29,"minecraft:cobblestone":302,"minecraft:porkchop":3,"minecraft:cooked_porkchop":4,"minecraft:bucket":79,"alexsmobs:animal_dictionary":4,"minecraft:dandelion":1,"minecraft:birch_stairs":4},"minecraft:killed":{"minecraft:cave_spider":2,"minecraft:spider":19,"minecraft:cod":3,"minecraft:skeleton":27,"minecraft:chicken":7,"alexsmobs:straddler":1,"minecraft:wolf":1,"minecraft:pig":9,"minecraft:zombie_villager":2,"minecraft:salmon":1,"alexsmobs:stradpole":4,"irons_spellbooks:necromancer":2,"minecraft:creeper":3,"minecraft:sheep":13,"minecraft:zombie":53,"minecraft:cow":12,"irons_spellbooks:summoned_zombie":4,"minecraft:slime":12,"minecraft:phantom":1,"alexsmobs:blue_jay":1,"alexsmobs:soul_vulture":1,"minecraft:drowned":2,"alexsmobs:flying_fish":1,"alexsmobs:catfish":12,"alexsmobs:cockroach":1,"minecraft:wither_skeleton":3,"minecraft:enderman":1},"minecraft:killed_by":{"minecraft:creeper":1,"minecraft:cave_spider":2,"minecraft:player":6,"minecraft:spider":2,"irons_spellbooks:necromancer":2,"minecraft:skeleton":3},"minecraft:broken":{"minecraft:stone_pickaxe":1,"minecraft:iron_axe":2,"minecraft:iron_pickaxe":3},"minecraft:custom":{"minecraft:interact_with_crafting_table":133,"minecraft:leave_game":11,"minecraft:time_since_death":63476,"minecraft:sprint_one_cm":1152978,"minecraft:damage_blocked_by_shield":7635,"minecraft:drop":384,"minecraft:play_time":670255,"minecraft:deaths":20,"minecraft:jump":6849,"minecraft:walk_on_water_one_cm":195554,"minecraft:enchant_item":4,"minecraft:interact_with_furnace":242,"minecraft:sleep_in_bed":7,"minecraft:damage_dealt":30212,"minecraft:player_kills":4,"minecraft:crouch_one_cm":44284,"minecraft:mob_kills":203,"minecraft:inspect_hopper":2,"minecraft:climb_one_cm":3641,"minecraft:walk_one_cm":2121953,"minecraft:sneak_time":14135,"minecraft:walk_under_water_one_cm":261393,"minecraft:boat_one_cm":1930578,"minecraft:total_world_time":670255,"minecraft:time_since_rest":63507,"minecraft:damage_taken":11022,"minecraft:swim_one_cm":255964,"minecraft:fly_one_cm":972013,"minecraft:open_chest":209,"minecraft:fall_one_cm":128736},"minecraft:mined":{"minecraft:spruce_planks":2,"minecraft:white_bed":2,"minecraft:obsidian":23,"minecraft:granite":16,"minecraft:grass_block":9,"minecraft:soul_soil":4,"minecraft:spawner":2,"minecraft:tall_seagrass":7,"minecraft:magma_block":1,"minecraft:iron_ore":137,"minecraft:fire":33,"minecraft:deepslate_lapis_ore":9,"minecraft:pointed_dripstone":4,"minecraft:oak_stairs":41,"minecraft:pink_tulip":3,"minecraft:deepslate_redstone_ore":3,"minecraft:cut_sandstone":7,"minecraft:blackstone":2,"minecraft:kelp_plant":1,"minecraft:torch":3,"minecraft:chest":1,"minecraft:nether_quartz_ore":11,"minecraft:cobblestone":41,"minecraft:sugar_cane":5,"minecraft:oak_planks":178,"minecraft:wall_torch":1,"minecraft:seagrass":7,"minecraft:birch_log":71,"minecraft:wheat":17,"minecraft:birch_door":3,"minecraft:tnt":2,"minecraft:grass":29,"minecraft:oak_log":185,"minecraft:sand":80,"minecraft:dirt":41,"minecraft:netherrack":132,"minecraft:oak_leaves":42,"minecraft:deepslate":87,"minecraft:nether_gold_ore":1,"minecraft:tuff":1,"minecraft:deepslate_diamond_ore":6,"minecraft:oak_door":10,"minecraft:glow_lichen":4,"minecraft:spruce_leaves":8,"minecraft:large_fern":2,"minecraft:spruce_sapling":5,"minecraft:furnace":8,"minecraft:chiseled_sandstone":2,"minecraft:andesite":17,"minecraft:gold_block":1,"minecraft:deepslate_iron_ore":29,"minecraft:vine":2,"minecraft:stone":378,"minecraft:white_tulip":1,"minecraft:birch_stairs":1,"minecraft:soul_sand":1,"minecraft:basalt":143,"minecraft:dandelion":1,"minecraft:oak_fence":3,"minecraft:crafting_table":8,"minecraft:emerald_ore":1,"minecraft:tall_grass":15,"minecraft:lapis_ore":11,"minecraft:deepslate_gold_ore":24,"minecraft:lily_pad":2,"minecraft:diorite":46,"minecraft:birch_planks":43,"minecraft:sweet_berry_bush":52,"minecraft:spruce_log":42,"minecraft:birch_leaves":10,"minecraft:black_wool":1,"minecraft:coal_ore":182,"minecraft:gravel":9,"minecraft:cobweb":4,"minecraft:stone_bricks":1,"minecraft:gold_ore":2,"minecraft:fern":4},"minecraft:dropped":{"minecraft:iron_sword":4,"alexsmobs:straddlite":1,"minecraft:porkchop":6,"minecraft:lapis_lazuli":12,"minecraft:cooked_beef":6,"minecraft:diamond":1,"minecraft:leather":7,"irons_spellbooks:tarnished_helmet":1,"alexsmobs:flying_fish_boots":1,"minecraft:cod":1,"minecraft:flint":2,"minecraft:dirt":2,"alexsmobs:flying_fish":4,"irons_spellbooks:arcane_essence":5,"alexsmobs:cooked_catfish":6,"minecraft:gold_nugget":1,"minecraft:sand":3,"minecraft:iron_pickaxe":3,"minecraft:birch_log":1,"minecraft:white_wool":6,"minecraft:birch_stairs":5,"minecraft:gold_ingot":7,"minecraft:bone":1,"minecraft:white_tulip":1,"minecraft:sugar_cane":13,"minecraft:cooked_chicken":3,"alexsmobs:animal_dictionary":2,"minecraft:wheat":2,"minecraft:pointed_dripstone":6,"minecraft:rotten_flesh":18,"minecraft:oak_planks":47,"minecraft:gunpowder":5,"minecraft:chest":1,"minecraft:arrow":5,"minecraft:beef":1,"minecraft:golden_boots":1,"minecraft:water_bucket":2,"minecraft:iron_ingot":47,"minecraft:wheat_seeds":14,"minecraft:tnt":3,"minecraft:feather":4,"minecraft:oak_fence":2,"minecraft:iron_helmet":1,"minecraft:granite":11,"alexsmobs:raw_catfish":5,"minecraft:stick":7,"irons_spellbooks:scroll":1,"minecraft:torch":3,"minecraft:wooden_axe":1,"minecraft:iron_axe":2,"minecraft:iron_shovel":1,"minecraft:string":7,"minecraft:lily_pad":32,"minecraft:spruce_sapling":1,"minecraft:kelp":27,"minecraft:raw_iron":8,"irons_spellbooks:graybeard_staff":1,"minecraft:iron_boots":1,"minecraft:flint_and_steel":1,"minecraft:spruce_boat":2,"minecraft:shield":2,"minecraft:oak_sapling":1,"minecraft:spider_eye":5,"minecraft:light_gray_dye":2,"minecraft:sandstone":1,"minecraft:stone_pickaxe":1,"minecraft:wooden_pickaxe":1,"minecraft:black_wool":2},"minecraft:crafted":{"minecraft:oak_planks":644,"minecraft:birch_boat":1,"minecraft:cooked_chicken":4,"minecraft:cooked_mutton":7,"minecraft:glass":16,"minecraft:iron_boots":2,"minecraft:birch_door":3,"alexsmobs:cooked_catfish":33,"minecraft:oak_fence":9,"minecraft:golden_boots":1,"minecraft:wooden_shovel":1,"minecraft:cooked_porkchop":11,"minecraft:crafting_table":8,"minecraft:spruce_planks":124,"minecraft:wooden_pickaxe":2,"minecraft:iron_helmet":2,"minecraft:birch_planks":284,"minecraft:iron_chestplate":2,"minecraft:charcoal":2,"minecraft:diamond_pickaxe":1,"minecraft:shield":4,"minecraft:stick":100,"minecraft:iron_ingot":116,"minecraft:iron_pickaxe":6,"minecraft:birch_stairs":4,"minecraft:wooden_sword":1,"minecraft:oak_door":6,"minecraft:furnace":5,"minecraft:bone_meal":54,"irons_spellbooks:graybeard_staff":1,"minecraft:flint_and_steel":1,"minecraft:iron_axe":3,"minecraft:stone_pickaxe":3,"minecraft:spruce_boat":5,"minecraft:cooked_beef":18,"minecraft:cooked_cod":7,"alexsmobs:cooked_lobster_tail":4,"minecraft:enchanting_table":1,"minecraft:iron_sword":3,"minecraft:smooth_sandstone":14,"minecraft:bucket":1,"minecraft:stone_axe":1,"minecraft:bread":5,"minecraft:air":0,"minecraft:oak_boat":4,"minecraft:oak_stairs":196,"minecraft:iron_leggings":2,"minecraft:white_bed":1,"minecraft:torch":216}},"DataVersion":3465}