{"stats":{"minecraft:broken":{"minecraft:iron_boots":1,"minecraft:iron_leggings":1,"minecraft:stone_pickaxe":1,"minecraft:iron_axe":1,"minecraft:stone_axe":3,"minecraft:iron_sword":1,"minecraft:iron_helmet":1},"minecraft:custom":{"minecraft:mob_kills":161,"minecraft:interact_with_crafting_table":44,"minecraft:leave_game":7,"minecraft:time_since_death":28175,"minecraft:sprint_one_cm":713266,"minecraft:walk_one_cm":1237589,"minecraft:damage_blocked_by_shield":5557,"minecraft:drop":147,"minecraft:play_time":374604,"minecraft:sneak_time":3876,"minecraft:deaths":28,"minecraft:walk_under_water_one_cm":71674,"minecraft:boat_one_cm":180966,"minecraft:jump":5653,"minecraft:walk_on_water_one_cm":88486,"minecraft:total_world_time":374604,"minecraft:interact_with_furnace":85,"minecraft:sleep_in_bed":8,"minecraft:time_since_rest":28202,"minecraft:damage_taken":13312,"minecraft:damage_dealt":33577,"minecraft:player_kills":2,"minecraft:swim_one_cm":37697,"minecraft:fly_one_cm":721392,"minecraft:open_chest":56,"minecraft:crouch_one_cm":8895,"minecraft:fall_one_cm":127370},"minecraft:dropped":{"minecraft:stone_hoe":2,"minecraft:iron_ingot":2,"minecraft:iron_sword":1,"minecraft:birch_planks":4,"minecraft:wheat_seeds":13,"minecraft:cooked_porkchop":2,"mowziesmobs:ice_crystal":1,"minecraft:feather":1,"minecraft:stick":12,"minecraft:end_rod":1,"minecraft:dirt":2,"minecraft:diorite":5,"minecraft:wooden_hoe":1,"minecraft:torch":1,"minecraft:wooden_axe":5,"minecraft:iron_pickaxe":1,"irons_spellbooks:frozen_bone":11,"minecraft:white_wool":1,"minecraft:stone_axe":3,"minecraft:sweet_berries":8,"minecraft:cooked_chicken":4,"minecraft:cherry_sapling":2,"minecraft:raw_iron":2,"minecraft:chicken":2,"minecraft:rotten_flesh":17,"minecraft:oak_planks":25,"minecraft:carrot":1,"minecraft:shield":2,"minecraft:gunpowder":4,"minecraft:charcoal":2,"alexsmobs:moose_ribs":1,"minecraft:spider_eye":2,"minecraft:birch_boat":1,"minecraft:wooden_pickaxe":5,"world:crystal_10":1},"minecraft:picked_up":{"minecraft:wooden_axe":5,"irons_spellbooks:scroll":1,"minecraft:charcoal":2,"minecraft:crafting_table":10,"minecraft:chicken":6,"minecraft:brown_mushroom":18,"minecraft:wooden_pickaxe":5,"minecraft:shield":1,"minecraft:string":15,"minecraft:cobbled_deepslate":34,"minecraft:beef":51,"minecraft:oak_boat":3,"minecraft:raw_copper_block":1,"minecraft:furnace":12,"minecraft:tipped_arrow":1,"minecraft:stick":24,"minecraft:raw_iron":154,"minecraft:oak_door":4,"minecraft:torch":125,"minecraft:porkchop":23,"minecraft:pointed_dripstone":6,"minecraft:diorite":16,"minecraft:carrot":2,"minecraft:redstone":24,"minecraft:arrow":9,"minecraft:rotten_flesh":85,"mowziesmobs:ice_crystal":1,"minecraft:end_rod":2,"minecraft:mutton":4,"minecraft:snowball":68,"minecraft:white_wool":2,"minecraft:cobblestone":332,"minecraft:birch_log":6,"minecraft:pink_petals":53,"minecraft:feather":3,"minecraft:cooked_beef":10,"minecraft:andesite":1,"minecraft:glow_ink_sac":14,"minecraft:salmon":1,"alexsmobs:bison_fur":5,"minecraft:tuff":1,"minecraft:oak_log":29,"minecraft:gunpowder":7,"minecraft:lapis_lazuli":58,"minecraft:wooden_hoe":1,"minecraft:dirt":178,"minecraft:cooked_mutton":5,"minecraft:bone":34,"minecraft:apple":2,"minecraft:bow":1,"minecraft:wheat_seeds":15,"minecraft:raw_gold":27,"minecraft:iron_ingot":1,"minecraft:cooked_chicken":2,"minecraft:stone_hoe":2,"minecraft:iron_sword":1,"minecraft:oak_planks":74,"world:crystal_10":2,"minecraft:pumpkin":7,"irons_spellbooks:frozen_bone":13,"minecraft:birch_boat":3,"alexsmobs:fish_bones":1,"minecraft:sweet_berries":18,"minecraft:gravel":3,"minecraft:dripstone_block":7,"minecraft:white_bed":3,"minecraft:spider_eye":7,"minecraft:oak_wood":28,"minecraft:diamond":4,"minecraft:stone_axe":2,"minecraft:granite":1,"minecraft:cherry_sapling":14,"alexsmobs:moose_ribs":1,"minecraft:bread":3,"minecraft:emerald":1,"minecraft:oak_sapling":9,"minecraft:coal":204},"minecraft:crafted":{"minecraft:oak_door":3,"minecraft:oak_planks":216,"minecraft:birch_boat":1,"minecraft:cooked_chicken":4,"minecraft:furnace":1,"minecraft:cooked_mutton":2,"minecraft:iron_boots":2,"minecraft:iron_axe":1,"minecraft:stone_pickaxe":1,"minecraft:chest":3,"minecraft:cooked_beef":22,"minecraft:cooked_porkchop":13,"minecraft:crafting_table":4,"minecraft:wooden_pickaxe":1,"minecraft:iron_helmet":1,"minecraft:iron_sword":2,"minecraft:cooked_salmon":1,"minecraft:birch_planks":24,"minecraft:stone_axe":4,"minecraft:air":0,"minecraft:oak_boat":1,"minecraft:iron_chestplate":2,"minecraft:shield":3,"minecraft:stick":64,"minecraft:iron_ingot":42,"minecraft:iron_pickaxe":2,"minecraft:iron_shovel":1,"minecraft:wooden_axe":1,"minecraft:iron_leggings":2,"minecraft:torch":192},"minecraft:mined":{"minecraft:tuff":1,"minecraft:white_bed":3,"minecraft:oak_sapling":1,"minecraft:deepslate_diamond_ore":4,"minecraft:oak_door":4,"minecraft:sculk_vein":9,"minecraft:cherry_sapling":1,"minecraft:granite":2,"minecraft:grass_block":52,"minecraft:spruce_leaves":5,"minecraft:tall_seagrass":1,"minecraft:furnace":11,"minecraft:iron_ore":77,"minecraft:andesite":1,"minecraft:pumpkin":8,"minecraft:deepslate_lapis_ore":7,"minecraft:pointed_dripstone":3,"minecraft:dirt_path":1,"minecraft:deepslate_iron_ore":28,"minecraft:stone":230,"world:leavesoak":1,"minecraft:deepslate_redstone_ore":5,"minecraft:brown_mushroom":18,"world:plantforestbig_1":1,"minecraft:powder_snow":59,"minecraft:crafting_table":10,"minecraft:torch":9,"minecraft:emerald_ore":1,"minecraft:oak_wood":29,"world:pf_2":1,"minecraft:dead_bush":1,"minecraft:sculk_sensor":4,"minecraft:campfire":1,"minecraft:tall_grass":21,"minecraft:cobblestone":53,"minecraft:deepslate_gold_ore":26,"minecraft:lapis_ore":3,"minecraft:oak_planks":26,"minecraft:diorite":11,"minecraft:wall_torch":8,"minecraft:pink_petals":6,"world:blockbasestairs":1,"minecraft:birch_log":6,"minecraft:sweet_berry_bush":9,"minecraft:birch_leaves":2,"minecraft:grass":27,"minecraft:oak_log":26,"minecraft:coal_ore":47,"minecraft:end_rod":2,"minecraft:sunflower":2,"minecraft:dirt":38,"minecraft:red_mushroom_block":4,"minecraft:raw_copper_block":1,"minecraft:gold_ore":1,"minecraft:oak_leaves":15,"minecraft:deepslate":26,"minecraft:fern":4},"minecraft:used":{"minecraft:cherry_sapling":10,"minecraft:iron_shovel":7,"minecraft:chest":3,"minecraft:shield":174,"minecraft:iron_sword":341,"minecraft:cooked_salmon":1,"minecraft:cooked_chicken":2,"minecraft:rotten_flesh":50,"minecraft:oak_door":6,"minecraft:torch":284,"minecraft:dirt":129,"minecraft:mutton":2,"minecraft:oak_wood":3,"minecraft:granite":1,"minecraft:snowball":36,"minecraft:wooden_axe":48,"minecraft:iron_axe":159,"world:oak":7,"minecraft:bow":18,"minecraft:sweet_berries":12,"minecraft:oak_sapling":7,"minecraft:furnace":9,"minecraft:cooked_beef":31,"minecraft:cobbled_deepslate":11,"minecraft:cooked_mutton":7,"minecraft:end_rod":1,"minecraft:diorite":6,"minecraft:birch_planks":11,"minecraft:stone_pickaxe":132,"minecraft:oak_planks":24,"minecraft:wooden_pickaxe":40,"minecraft:birch_boat":3,"minecraft:crafting_table":8,"minecraft:white_bed":3,"minecraft:apple":2,"minecraft:bread":3,"minecraft:iron_pickaxe":406,"minecraft:pink_petals":7,"minecraft:stone_axe":283,"minecraft:cobblestone":283,"minecraft:porkchop":3,"minecraft:cooked_porkchop":11,"minecraft:andesite":1,"minecraft:oak_boat":2,"alexsmobs:animal_dictionary":1},"minecraft:killed":{"irons_spellbooks:summoned_zombie":6,"minecraft:spider":20,"world:dryad":2,"world:appleant_2":1,"minecraft:skeleton":15,"minecraft:chicken":4,"alexsmobs:bison":6,"minecraft:drowned":2,"alexsmobs:tusklin":3,"alexsmobs:skelewag":8,"irons_spellbooks:summoned_skeleton":3,"world:goblin":4,"minecraft:pig":2,"minecraft:zombie_villager":1,"minecraft:salmon":1,"minecraft:creeper":4,"minecraft:sheep":2,"alexsmobs:gelada_monkey":1,"minecraft:zombie":67,"minecraft:stray":3,"alexsmobs:moose":1,"minecraft:glow_squid":1},"minecraft:killed_by":{"minecraft:player":6,"minecraft:creeper":3,"minecraft:spider":1,"alexsmobs:bison":1,"alexsmobs:tusklin":2,"alexsmobs:tiger":2,"irons_spellbooks:necromancer":3,"minecraft:zombie":4,"mowziesmobs:frostmaw":1}},"DataVersion":3465}