{"stats":{"minecraft:broken":{"minecraft:stone_pickaxe":1,"minecraft:stone_axe":1},"minecraft:custom":{"minecraft:interact_with_furnace":22,"minecraft:mob_kills":30,"minecraft:interact_with_crafting_table":15,"minecraft:leave_game":2,"minecraft:time_since_death":754,"minecraft:time_since_rest":796,"minecraft:sprint_one_cm":134881,"minecraft:damage_taken":2257,"minecraft:walk_one_cm":215210,"minecraft:damage_blocked_by_shield":175,"minecraft:drop":43,"minecraft:damage_dealt":5619,"minecraft:swim_one_cm":12373,"minecraft:fly_one_cm":126307,"minecraft:open_chest":11,"minecraft:crouch_one_cm":1399,"minecraft:play_time":73460,"minecraft:deaths":5,"minecraft:sneak_time":705,"minecraft:walk_under_water_one_cm":2387,"minecraft:jump":1051,"minecraft:walk_on_water_one_cm":5596,"minecraft:total_world_time":73460,"minecraft:fall_one_cm":17575},"minecraft:dropped":{"minecraft:oak_planks":24,"minecraft:stick":6,"minecraft:diorite":5,"irons_spellbooks:frozen_bone":8},"minecraft:picked_up":{"minecraft:crafting_table":3,"minecraft:feather":2,"minecraft:chicken":2,"minecraft:salmon":1,"minecraft:oak_log":22,"minecraft:gunpowder":1,"minecraft:string":2,"minecraft:dirt":71,"minecraft:bone":3,"minecraft:apple":2,"minecraft:wheat_seeds":1,"minecraft:beef":8,"minecraft:furnace":1,"minecraft:tipped_arrow":1,"minecraft:raw_iron":5,"minecraft:stick":6,"irons_spellbooks:frozen_bone":8,"minecraft:diorite":15,"minecraft:spider_eye":2,"minecraft:oak_wood":25,"minecraft:arrow":3,"minecraft:rotten_flesh":22,"minecraft:end_rod":1,"minecraft:oak_sapling":8,"minecraft:coal":34,"minecraft:snowball":43,"minecraft:cobblestone":131},"minecraft:crafted":{"minecraft:cooked_beef":5,"minecraft:oak_door":3,"minecraft:oak_planks":188,"minecraft:crafting_table":1,"minecraft:wooden_pickaxe":1,"minecraft:cooked_chicken":2,"minecraft:furnace":1,"minecraft:cooked_salmon":1,"minecraft:stone_axe":2,"minecraft:air":0,"minecraft:shield":1,"minecraft:stick":12,"minecraft:iron_ingot":5,"minecraft:iron_pickaxe":1,"minecraft:stone_pickaxe":1,"minecraft:wooden_axe":1,"minecraft:chest":2},"minecraft:mined":{"minecraft:oak_sapling":1,"minecraft:crafting_table":3,"minecraft:oak_wood":26,"minecraft:grass_block":5,"minecraft:tall_grass":10,"minecraft:cobblestone":36,"minecraft:diorite":10,"minecraft:furnace":1,"minecraft:iron_ore":5,"minecraft:birch_leaves":1,"minecraft:grass":7,"minecraft:oak_log":22,"minecraft:coal_ore":31,"minecraft:end_rod":1,"minecraft:dirt":6,"minecraft:stone":93,"minecraft:oak_leaves":10},"minecraft:used":{"minecraft:diorite":5,"minecraft:end_rod":1,"minecraft:stone_pickaxe":132,"minecraft:wooden_pickaxe":40,"minecraft:chest":2,"minecraft:shield":6,"minecraft:cooked_salmon":1,"minecraft:cooked_chicken":2,"minecraft:rotten_flesh":13,"minecraft:oak_door":1,"minecraft:dirt":36,"minecraft:crafting_table":3,"minecraft:snowball":20,"minecraft:wooden_axe":48,"minecraft:apple":2,"minecraft:iron_pickaxe":9,"minecraft:stone_axe":116,"minecraft:cobblestone":98,"minecraft:furnace":2,"minecraft:oak_sapling":7,"alexsmobs:animal_dictionary":1,"minecraft:cooked_beef":5},"minecraft:killed":{"minecraft:salmon":1,"minecraft:spider":4,"minecraft:creeper":1,"minecraft:skeleton":1,"minecraft:zombie":16,"minecraft:chicken":2,"minecraft:stray":2,"alexsmobs:bison":1},"minecraft:killed_by":{"minecraft:player":1,"minecraft:creeper":1,"minecraft:spider":1,"minecraft:zombie":1,"alexsmobs:tusklin":1}},"DataVersion":3465}