{"stats":{"minecraft:broken":{"minecraft:stone_pickaxe":1},"minecraft:used":{"minecraft:chest":1,"minecraft:spruce_planks":53,"minecraft:shield":29,"minecraft:iron_sword":45,"minecraft:rotten_flesh":6,"minecraft:torch":35,"minecraft:dirt":99,"minecraft:spruce_boat":7,"minecraft:wooden_axe":20,"alexsmobs:maggot":3,"minecraft:iron_axe":1,"minecraft:iron_helmet":1,"minecraft:iron_boots":1,"minecraft:sweet_berries":77,"minecraft:furnace":4,"minecraft:egg":1,"minecraft:cooked_beef":1,"minecraft:cobbled_deepslate":3,"minecraft:cooked_mutton":1,"alexsmobs:cooked_catfish":15,"minecraft:diorite":6,"minecraft:stone_pickaxe":134,"minecraft:wooden_pickaxe":51,"minecraft:crafting_table":7,"minecraft:cod":1,"minecraft:iron_pickaxe":87,"minecraft:spruce_sapling":6,"minecraft:gravel":1,"minecraft:stone_axe":29,"minecraft:wooden_sword":39,"minecraft:cobblestone":18,"minecraft:cooked_porkchop":1,"minecraft:porkchop":2,"alexsmobs:animal_dictionary":3},"minecraft:custom":{"minecraft:mob_kills":37,"minecraft:interact_with_crafting_table":57,"minecraft:leave_game":5,"minecraft:time_since_death":49135,"minecraft:climb_one_cm":2121,"minecraft:sprint_one_cm":366366,"minecraft:walk_one_cm":456478,"minecraft:damage_blocked_by_shield":710,"minecraft:drop":76,"minecraft:play_time":160932,"minecraft:deaths":10,"minecraft:sneak_time":1313,"minecraft:walk_under_water_one_cm":35760,"minecraft:boat_one_cm":246982,"minecraft:jump":2035,"minecraft:walk_on_water_one_cm":25033,"minecraft:total_world_time":160932,"minecraft:interact_with_furnace":104,"minecraft:sleep_in_bed":2,"minecraft:time_since_rest":16173,"minecraft:damage_taken":4212,"minecraft:damage_dealt":5362,"minecraft:fly_one_cm":270251,"minecraft:swim_one_cm":28929,"minecraft:player_kills":1,"minecraft:open_chest":25,"minecraft:crouch_one_cm":3304,"minecraft:fall_one_cm":45807},"minecraft:killed_by":{"minecraft:player":2,"minecraft:creeper":1,"minecraft:spider":1,"minecraft:cave_spider":1,"minecraft:skeleton":3},"minecraft:crafted":{"minecraft:wooden_sword":1,"minecraft:oak_planks":8,"minecraft:furnace":2,"minecraft:cooked_mutton":3,"minecraft:iron_boots":1,"minecraft:iron_axe":1,"minecraft:stone_pickaxe":3,"minecraft:spruce_boat":5,"alexsmobs:cooked_catfish":16,"minecraft:cooked_beef":8,"minecraft:crafting_table":4,"minecraft:spruce_planks":124,"minecraft:wooden_pickaxe":2,"minecraft:iron_helmet":1,"minecraft:iron_sword":1,"minecraft:stone_axe":1,"minecraft:air":0,"minecraft:iron_chestplate":1,"minecraft:charcoal":2,"minecraft:shield":1,"minecraft:stick":44,"minecraft:iron_ingot":41,"minecraft:iron_pickaxe":1,"minecraft:iron_leggings":1,"minecraft:torch":40},"minecraft:dropped":{"minecraft:iron_ingot":5,"minecraft:porkchop":6,"minecraft:wheat_seeds":1,"minecraft:lapis_lazuli":12,"minecraft:feather":2,"minecraft:leather":3,"minecraft:stick":2,"minecraft:torch":2,"minecraft:string":4,"minecraft:lily_pad":18,"minecraft:white_wool":6,"minecraft:spruce_sapling":1,"alexsmobs:animal_dictionary":1,"minecraft:rotten_flesh":6,"minecraft:spruce_boat":2,"minecraft:oak_sapling":1,"minecraft:spider_eye":2,"minecraft:black_wool":2},"minecraft:mined":{"minecraft:spruce_planks":2,"minecraft:grass_block":8,"minecraft:spruce_leaves":8,"minecraft:large_fern":2,"minecraft:tall_seagrass":3,"minecraft:spruce_sapling":5,"minecraft:furnace":3,"minecraft:iron_ore":28,"minecraft:andesite":2,"minecraft:deepslate_lapis_ore":8,"minecraft:deepslate_iron_ore":5,"minecraft:stone":80,"minecraft:deepslate_redstone_ore":3,"minecraft:crafting_table":2,"minecraft:torch":3,"minecraft:chest":1,"minecraft:tall_grass":7,"minecraft:lapis_ore":3,"minecraft:diorite":6,"minecraft:seagrass":5,"minecraft:sweet_berry_bush":52,"minecraft:spruce_log":42,"minecraft:black_wool":1,"minecraft:grass":13,"minecraft:coal_ore":67,"minecraft:oak_log":2,"minecraft:dirt":28,"minecraft:oak_leaves":1,"minecraft:deepslate":3,"minecraft:fern":4},"minecraft:killed":{"minecraft:spider":3,"minecraft:cod":1,"minecraft:skeleton":3,"minecraft:chicken":2,"alexsmobs:flying_fish":1,"minecraft:pig":2,"minecraft:sheep":8,"alexsmobs:catfish":3,"minecraft:zombie":10,"minecraft:cow":3},"minecraft:picked_up":{"minecraft:wooden_axe":4,"minecraft:crafting_table":4,"minecraft:iron_chestplate":1,"minecraft:chicken":2,"minecraft:wooden_pickaxe":8,"minecraft:shield":1,"alexsmobs:cooked_catfish":24,"minecraft:string":10,"minecraft:wooden_sword":2,"minecraft:iron_leggings":1,"minecraft:cobbled_deepslate":3,"minecraft:spruce_planks":171,"minecraft:beef":8,"minecraft:iron_pickaxe":1,"minecraft:chest":1,"minecraft:furnace":2,"minecraft:egg":1,"minecraft:raw_iron":47,"minecraft:stick":34,"minecraft:torch":14,"minecraft:porkchop":13,"minecraft:diorite":45,"minecraft:arrow":4,"minecraft:rotten_flesh":17,"minecraft:mutton":22,"minecraft:cod":1,"alexsmobs:flying_fish":5,"minecraft:white_wool":14,"minecraft:cobblestone":126,"minecraft:feather":6,"minecraft:andesite":4,"minecraft:leather":6,"minecraft:oak_log":2,"minecraft:lily_pad":34,"minecraft:lapis_lazuli":93,"minecraft:dirt":164,"minecraft:bone":5,"minecraft:wheat_seeds":4,"minecraft:stone_pickaxe":3,"minecraft:cooked_porkchop":2,"minecraft:sweet_berries":110,"minecraft:gravel":1,"minecraft:spruce_sapling":8,"minecraft:spruce_log":76,"alexsmobs:animal_dictionary":3,"minecraft:spider_eye":4,"alexsmobs:raw_catfish":10,"minecraft:stone_axe":2,"minecraft:spruce_boat":12,"minecraft:granite":3,"minecraft:bone_meal":1,"alexsmobs:maggot":3,"minecraft:oak_sapling":2,"minecraft:coal":106,"minecraft:black_wool":2}},"DataVersion":3465}