{"stats":{"minecraft:broken":{"minecraft:stone_pickaxe":1,"minecraft:stone_axe":3},"minecraft:custom":{"minecraft:mob_kills":84,"minecraft:interact_with_crafting_table":34,"minecraft:leave_game":4,"minecraft:time_since_death":42534,"minecraft:sprint_one_cm":523250,"minecraft:walk_one_cm":838559,"minecraft:damage_blocked_by_shield":3797,"minecraft:drop":104,"minecraft:play_time":281744,"minecraft:deaths":21,"minecraft:sneak_time":3626,"minecraft:walk_under_water_one_cm":64715,"minecraft:boat_one_cm":127012,"minecraft:jump":4141,"minecraft:walk_on_water_one_cm":78927,"minecraft:total_world_time":281744,"minecraft:interact_with_furnace":70,"minecraft:sleep_in_bed":7,"minecraft:time_since_rest":9484,"minecraft:damage_taken":10293,"minecraft:damage_dealt":18944,"minecraft:swim_one_cm":37697,"minecraft:fly_one_cm":541840,"minecraft:player_kills":2,"minecraft:open_chest":38,"minecraft:crouch_one_cm":8601,"minecraft:fall_one_cm":104841},"minecraft:dropped":{"minecraft:stone_hoe":2,"minecraft:iron_ingot":2,"minecraft:iron_sword":1,"minecraft:birch_planks":4,"minecraft:wheat_seeds":2,"minecraft:cooked_porkchop":2,"mowziesmobs:ice_crystal":1,"minecraft:feather":1,"minecraft:stick":6,"minecraft:diorite":5,"minecraft:wooden_hoe":1,"minecraft:wooden_axe":3,"minecraft:iron_pickaxe":1,"irons_spellbooks:frozen_bone":9,"minecraft:white_wool":1,"minecraft:stone_axe":3,"minecraft:cooked_chicken":4,"minecraft:chicken":2,"minecraft:rotten_flesh":17,"minecraft:oak_planks":24,"minecraft:shield":1,"minecraft:gunpowder":4,"alexsmobs:moose_ribs":1,"minecraft:spider_eye":1,"minecraft:birch_boat":1,"minecraft:wooden_pickaxe":5},"minecraft:picked_up":{"minecraft:wooden_axe":3,"minecraft:crafting_table":8,"minecraft:chicken":6,"minecraft:wooden_pickaxe":5,"minecraft:string":6,"minecraft:cobbled_deepslate":12,"minecraft:beef":43,"minecraft:oak_boat":3,"minecraft:raw_copper_block":1,"minecraft:furnace":10,"minecraft:tipped_arrow":1,"minecraft:raw_iron":103,"minecraft:stick":8,"minecraft:oak_door":4,"minecraft:torch":123,"minecraft:porkchop":23,"minecraft:diorite":16,"minecraft:redstone":24,"minecraft:arrow":5,"minecraft:rotten_flesh":62,"mowziesmobs:ice_crystal":1,"minecraft:end_rod":2,"minecraft:mutton":2,"minecraft:snowball":66,"minecraft:white_wool":1,"minecraft:cobblestone":289,"minecraft:birch_log":6,"minecraft:feather":3,"minecraft:cooked_beef":10,"minecraft:glow_ink_sac":1,"minecraft:salmon":1,"minecraft:andesite":1,"alexsmobs:bison_fur":4,"minecraft:oak_log":26,"minecraft:gunpowder":5,"minecraft:wooden_hoe":1,"minecraft:lapis_lazuli":37,"minecraft:dirt":122,"minecraft:cooked_mutton":5,"minecraft:bone":13,"minecraft:apple":2,"minecraft:bow":1,"minecraft:wheat_seeds":3,"minecraft:raw_gold":9,"minecraft:cooked_chicken":2,"minecraft:iron_ingot":1,"minecraft:iron_sword":1,"minecraft:oak_planks":73,"minecraft:stone_hoe":2,"alexsmobs:fish_bones":1,"minecraft:birch_boat":2,"irons_spellbooks:frozen_bone":11,"minecraft:white_bed":3,"minecraft:spider_eye":4,"minecraft:oak_wood":27,"minecraft:stone_axe":2,"minecraft:granite":1,"alexsmobs:moose_ribs":1,"minecraft:oak_sapling":9,"minecraft:coal":178},"minecraft:crafted":{"minecraft:oak_door":3,"minecraft:oak_planks":204,"minecraft:birch_boat":1,"minecraft:cooked_chicken":4,"minecraft:furnace":1,"minecraft:iron_boots":1,"minecraft:iron_axe":1,"minecraft:stone_pickaxe":1,"minecraft:chest":2,"minecraft:cooked_beef":14,"minecraft:cooked_porkchop":13,"minecraft:crafting_table":4,"minecraft:wooden_pickaxe":1,"minecraft:iron_helmet":1,"minecraft:iron_sword":1,"minecraft:cooked_salmon":1,"minecraft:birch_planks":24,"minecraft:stone_axe":4,"minecraft:air":0,"minecraft:oak_boat":1,"minecraft:iron_chestplate":1,"minecraft:shield":2,"minecraft:stick":40,"minecraft:iron_pickaxe":2,"minecraft:iron_ingot":33,"minecraft:wooden_axe":1,"minecraft:iron_leggings":1,"minecraft:torch":88},"minecraft:used":{"minecraft:chest":2,"minecraft:shield":101,"minecraft:iron_sword":105,"minecraft:cooked_salmon":1,"minecraft:cooked_chicken":2,"minecraft:rotten_flesh":46,"minecraft:oak_door":6,"minecraft:torch":209,"minecraft:dirt":88,"minecraft:mutton":2,"minecraft:granite":1,"minecraft:snowball":36,"minecraft:wooden_axe":48,"minecraft:iron_axe":19,"minecraft:bow":16,"minecraft:furnace":8,"minecraft:oak_sapling":7,"minecraft:cooked_beef":23,"minecraft:cobbled_deepslate":11,"minecraft:cooked_mutton":5,"minecraft:diorite":6,"minecraft:end_rod":1,"minecraft:birch_planks":11,"minecraft:stone_pickaxe":132,"minecraft:oak_planks":7,"minecraft:birch_boat":1,"minecraft:wooden_pickaxe":40,"minecraft:crafting_table":7,"minecraft:white_bed":2,"minecraft:apple":2,"minecraft:iron_pickaxe":286,"minecraft:stone_axe":283,"minecraft:cobblestone":257,"minecraft:porkchop":3,"minecraft:cooked_porkchop":10,"minecraft:andesite":1,"minecraft:oak_boat":2,"alexsmobs:animal_dictionary":1},"minecraft:mined":{"minecraft:white_bed":2,"minecraft:oak_sapling":1,"minecraft:oak_door":4,"minecraft:sculk_vein":9,"minecraft:granite":1,"minecraft:grass_block":16,"minecraft:spruce_leaves":1,"minecraft:tall_seagrass":1,"minecraft:furnace":10,"minecraft:iron_ore":54,"minecraft:andesite":1,"minecraft:deepslate_lapis_ore":3,"minecraft:deepslate_iron_ore":3,"minecraft:stone":216,"world:leavesoak":1,"minecraft:deepslate_redstone_ore":5,"world:plantforestbig_1":1,"minecraft:crafting_table":9,"minecraft:torch":8,"minecraft:oak_wood":28,"world:pf_2":1,"minecraft:sculk_sensor":4,"minecraft:tall_grass":14,"minecraft:cobblestone":50,"minecraft:lapis_ore":3,"minecraft:deepslate_gold_ore":9,"minecraft:oak_planks":26,"minecraft:diorite":11,"minecraft:wall_torch":8,"world:blockbasestairs":1,"minecraft:birch_log":6,"minecraft:birch_leaves":2,"minecraft:grass":16,"minecraft:coal_ore":46,"minecraft:oak_log":26,"minecraft:end_rod":2,"minecraft:dirt":25,"minecraft:raw_copper_block":1,"minecraft:oak_leaves":15,"minecraft:deepslate":9},"minecraft:killed":{"irons_spellbooks:summoned_zombie":4,"minecraft:spider":8,"minecraft:skeleton":2,"minecraft:chicken":4,"minecraft:drowned":2,"alexsmobs:bison":4,"alexsmobs:tusklin":3,"alexsmobs:skelewag":8,"irons_spellbooks:summoned_skeleton":1,"minecraft:pig":2,"minecraft:zombie_villager":1,"minecraft:salmon":1,"minecraft:creeper":2,"minecraft:sheep":1,"minecraft:zombie":33,"minecraft:stray":3,"alexsmobs:moose":1,"minecraft:glow_squid":1},"minecraft:killed_by":{"minecraft:player":4,"minecraft:creeper":2,"minecraft:spider":1,"alexsmobs:bison":1,"alexsmobs:tusklin":2,"irons_spellbooks:necromancer":2,"minecraft:zombie":3,"mowziesmobs:frostmaw":1}},"DataVersion":3465}