{"stats":{"minecraft:custom":{"minecraft:interact_with_furnace":22,"minecraft:mob_kills":13,"minecraft:interact_with_crafting_table":15,"minecraft:leave_game":1,"minecraft:time_since_death":14839,"minecraft:time_since_rest":14868,"minecraft:sprint_one_cm":101764,"minecraft:damage_taken":912,"minecraft:walk_one_cm":157358,"minecraft:drop":43,"minecraft:damage_dealt":2225,"minecraft:swim_one_cm":12373,"minecraft:fly_one_cm":87527,"minecraft:open_chest":9,"minecraft:crouch_one_cm":1332,"minecraft:play_time":61987,"minecraft:deaths":1,"minecraft:sneak_time":637,"minecraft:walk_under_water_one_cm":2387,"minecraft:jump":786,"minecraft:walk_on_water_one_cm":5596,"minecraft:total_world_time":61987,"minecraft:fall_one_cm":13432},"minecraft:dropped":{"minecraft:oak_planks":24,"minecraft:stick":6,"minecraft:diorite":5,"irons_spellbooks:frozen_bone":8},"minecraft:picked_up":{"minecraft:crafting_table":3,"minecraft:feather":2,"minecraft:chicken":2,"minecraft:salmon":1,"minecraft:oak_log":22,"minecraft:dirt":31,"minecraft:bone":3,"minecraft:apple":2,"minecraft:wheat_seeds":1,"minecraft:beef":8,"minecraft:furnace":1,"minecraft:tipped_arrow":1,"minecraft:stick":6,"minecraft:raw_iron":5,"irons_spellbooks:frozen_bone":8,"minecraft:diorite":7,"minecraft:oak_wood":25,"minecraft:arrow":3,"minecraft:rotten_flesh":8,"minecraft:end_rod":1,"minecraft:oak_sapling":7,"minecraft:coal":34,"minecraft:cobblestone":113},"minecraft:crafted":{"minecraft:cooked_beef":5,"minecraft:oak_door":3,"minecraft:oak_planks":188,"minecraft:crafting_table":1,"minecraft:wooden_pickaxe":1,"minecraft:cooked_chicken":2,"minecraft:furnace":1,"minecraft:cooked_salmon":1,"minecraft:stone_axe":2,"minecraft:air":0,"minecraft:shield":1,"minecraft:stick":12,"minecraft:iron_ingot":5,"minecraft:iron_pickaxe":1,"minecraft:stone_pickaxe":1,"minecraft:wooden_axe":1,"minecraft:chest":2},"minecraft:mined":{"minecraft:crafting_table":3,"minecraft:oak_wood":26,"minecraft:grass_block":5,"minecraft:tall_grass":10,"minecraft:cobblestone":19,"minecraft:diorite":7,"minecraft:furnace":1,"minecraft:iron_ore":5,"minecraft:birch_leaves":1,"minecraft:grass":7,"minecraft:oak_log":22,"minecraft:coal_ore":31,"minecraft:end_rod":1,"minecraft:dirt":5,"minecraft:stone":93,"minecraft:oak_leaves":10},"minecraft:used":{"minecraft:diorite":2,"minecraft:end_rod":1,"minecraft:stone_pickaxe":120,"minecraft:chest":2,"minecraft:wooden_pickaxe":40,"minecraft:cooked_salmon":1,"minecraft:cooked_chicken":2,"minecraft:rotten_flesh":8,"minecraft:oak_door":1,"minecraft:dirt":28,"minecraft:crafting_table":3,"minecraft:wooden_axe":48,"minecraft:apple":2,"minecraft:stone_axe":61,"minecraft:cobblestone":83,"minecraft:oak_sapling":7,"minecraft:furnace":2,"alexsmobs:animal_dictionary":1,"minecraft:cooked_beef":3},"minecraft:killed":{"minecraft:salmon":1,"minecraft:skeleton":1,"minecraft:zombie":4,"minecraft:chicken":2,"minecraft:stray":2,"alexsmobs:bison":1},"minecraft:killed_by":{"minecraft:player":1}},"DataVersion":3465}