{"stats":{"minecraft:broken":{"minecraft:stone_pickaxe":1,"minecraft:stone_axe":3},"minecraft:custom":{"minecraft:interact_with_furnace":47,"minecraft:mob_kills":65,"minecraft:interact_with_crafting_table":29,"minecraft:leave_game":4,"minecraft:time_since_death":67388,"minecraft:sleep_in_bed":2,"minecraft:time_since_rest":18641,"minecraft:sprint_one_cm":343443,"minecraft:damage_taken":8029,"minecraft:walk_one_cm":616101,"minecraft:damage_blocked_by_shield":1661,"minecraft:drop":46,"minecraft:damage_dealt":13353,"minecraft:player_kills":2,"minecraft:swim_one_cm":20349,"minecraft:fly_one_cm":280360,"minecraft:open_chest":23,"minecraft:crouch_one_cm":8163,"minecraft:play_time":197744,"minecraft:deaths":18,"minecraft:sneak_time":3384,"minecraft:walk_under_water_one_cm":42348,"minecraft:jump":2911,"minecraft:walk_on_water_one_cm":58143,"minecraft:total_world_time":197744,"minecraft:fall_one_cm":86764},"minecraft:dropped":{"minecraft:cooked_porkchop":1,"minecraft:oak_planks":24,"minecraft:stick":6,"minecraft:diorite":5,"minecraft:iron_pickaxe":1,"irons_spellbooks:frozen_bone":9},"minecraft:picked_up":{"minecraft:crafting_table":4,"minecraft:cooked_beef":10,"minecraft:feather":2,"minecraft:chicken":2,"minecraft:andesite":1,"minecraft:glow_ink_sac":1,"minecraft:salmon":1,"alexsmobs:bison_fur":4,"minecraft:oak_log":22,"minecraft:gunpowder":3,"minecraft:lapis_lazuli":37,"minecraft:dirt":106,"minecraft:string":6,"minecraft:cooked_mutton":5,"minecraft:bone":8,"minecraft:apple":2,"minecraft:wheat_seeds":2,"minecraft:cobbled_deepslate":12,"minecraft:raw_gold":9,"minecraft:iron_ingot":1,"minecraft:beef":43,"minecraft:oak_planks":73,"minecraft:raw_copper_block":1,"minecraft:furnace":3,"minecraft:tipped_arrow":1,"minecraft:stick":8,"minecraft:raw_iron":103,"irons_spellbooks:frozen_bone":9,"minecraft:oak_door":3,"minecraft:torch":123,"minecraft:porkchop":9,"minecraft:diorite":16,"minecraft:redstone":24,"minecraft:spider_eye":2,"minecraft:oak_wood":25,"minecraft:arrow":4,"minecraft:rotten_flesh":46,"minecraft:granite":1,"minecraft:end_rod":1,"minecraft:oak_sapling":8,"minecraft:coal":125,"minecraft:snowball":65,"minecraft:cobblestone":280},"minecraft:crafted":{"minecraft:cooked_beef":14,"minecraft:oak_door":3,"minecraft:oak_planks":188,"minecraft:cooked_porkchop":6,"minecraft:crafting_table":2,"minecraft:iron_helmet":1,"minecraft:cooked_chicken":2,"minecraft:wooden_pickaxe":1,"minecraft:furnace":1,"minecraft:cooked_salmon":1,"minecraft:stone_axe":4,"minecraft:air":0,"minecraft:iron_boots":1,"minecraft:iron_chestplate":1,"minecraft:shield":1,"minecraft:iron_axe":1,"minecraft:stick":40,"minecraft:iron_ingot":33,"minecraft:iron_pickaxe":2,"minecraft:stone_pickaxe":1,"minecraft:wooden_axe":1,"minecraft:chest":2,"minecraft:iron_leggings":1,"minecraft:torch":88},"minecraft:mined":{"minecraft:deepslate_redstone_ore":5,"minecraft:oak_sapling":1,"minecraft:oak_door":3,"minecraft:sculk_vein":9,"minecraft:crafting_table":4,"minecraft:torch":8,"minecraft:granite":1,"minecraft:oak_wood":26,"minecraft:grass_block":7,"world:pf_2":1,"minecraft:sculk_sensor":4,"minecraft:tall_grass":10,"minecraft:cobblestone":45,"minecraft:deepslate_gold_ore":9,"minecraft:lapis_ore":3,"minecraft:oak_planks":26,"minecraft:diorite":11,"minecraft:wall_torch":8,"world:blockbasestairs":1,"minecraft:furnace":3,"minecraft:iron_ore":54,"minecraft:birch_leaves":1,"minecraft:andesite":1,"minecraft:deepslate_lapis_ore":3,"minecraft:grass":7,"minecraft:oak_log":22,"minecraft:coal_ore":46,"minecraft:deepslate_iron_ore":3,"minecraft:end_rod":1,"minecraft:dirt":19,"minecraft:raw_copper_block":1,"minecraft:stone":213,"world:leavesoak":1,"minecraft:oak_leaves":10,"minecraft:deepslate":9},"minecraft:used":{"minecraft:cooked_mutton":4,"minecraft:end_rod":1,"minecraft:diorite":6,"minecraft:stone_pickaxe":132,"minecraft:chest":2,"minecraft:wooden_pickaxe":40,"minecraft:shield":52,"minecraft:cooked_salmon":1,"minecraft:cooked_chicken":2,"minecraft:rotten_flesh":36,"minecraft:oak_door":5,"minecraft:torch":207,"minecraft:dirt":73,"minecraft:crafting_table":4,"minecraft:granite":1,"minecraft:snowball":35,"minecraft:wooden_axe":48,"minecraft:apple":2,"minecraft:iron_axe":9,"minecraft:iron_pickaxe":269,"minecraft:stone_axe":283,"minecraft:cobblestone":257,"minecraft:oak_sapling":7,"minecraft:furnace":3,"minecraft:cooked_porkchop":5,"minecraft:andesite":1,"alexsmobs:animal_dictionary":1,"minecraft:cooked_beef":14,"minecraft:cobbled_deepslate":8},"minecraft:killed":{"irons_spellbooks:summoned_zombie":4,"minecraft:zombie_villager":1,"minecraft:salmon":1,"minecraft:spider":7,"minecraft:creeper":2,"minecraft:skeleton":2,"minecraft:zombie":33,"minecraft:chicken":2,"minecraft:stray":2,"alexsmobs:bison":4,"minecraft:glow_squid":1,"alexsmobs:tusklin":2,"irons_spellbooks:summoned_skeleton":1},"minecraft:killed_by":{"minecraft:player":4,"irons_spellbooks:necromancer":1,"minecraft:creeper":2,"minecraft:spider":1,"minecraft:zombie":3,"alexsmobs:bison":1,"alexsmobs:tusklin":2}},"DataVersion":3465}