{"stats":{"minecraft:custom":{"minecraft:time_since_rest":19168,"minecraft:play_time":19168,"minecraft:sprint_one_cm":6211,"minecraft:damage_taken":85,"minecraft:walk_one_cm":14388,"minecraft:sneak_time":2,"minecraft:mob_kills":1,"minecraft:jump":50,"minecraft:damage_dealt":201,"minecraft:leave_game":1,"minecraft:time_since_death":19168,"minecraft:total_world_time":19168,"minecraft:fall_one_cm":1022,"minecraft:interact_with_crafting_table":4,"minecraft:fly_one_cm":3484},"minecraft:picked_up":{"minecraft:stick":6,"minecraft:crafting_table":2,"minecraft:rotten_flesh":1,"minecraft:apple":2,"minecraft:oak_log":22,"minecraft:oak_sapling":7},"minecraft:crafted":{"minecraft:oak_planks":88,"minecraft:crafting_table":1,"minecraft:stick":4,"minecraft:wooden_pickaxe":1,"minecraft:wooden_axe":1},"minecraft:mined":{"minecraft:oak_log":22,"minecraft:birch_leaves":1,"minecraft:oak_leaves":4,"minecraft:crafting_table":2},"minecraft:used":{"minecraft:rotten_flesh":1,"minecraft:wooden_axe":27,"minecraft:crafting_table":2,"minecraft:oak_sapling":4,"alexsmobs:animal_dictionary":1},"minecraft:killed":{"minecraft:zombie":1}},"DataVersion":3465}