{"stats":{"minecraft:picked_up":{"minecraft:wooden_axe":5,"minecraft:iron_chestplate":7,"minecraft:wheat":13,"minecraft:oak_stairs":39,"minecraft:string":79,"minecraft:iron_leggings":7,"irons_spellbooks:arcane_essence":8,"minecraft:cobbled_deepslate":8,"minecraft:spruce_planks":172,"minecraft:white_tulip":2,"minecraft:iron_pickaxe":10,"minecraft:iron_boots":7,"minecraft:furnace":4,"minecraft:stick":83,"minecraft:oak_fence":5,"minecraft:torch":73,"minecraft:porkchop":14,"minecraft:pointed_dripstone":12,"minecraft:diorite":151,"minecraft:rotten_flesh":56,"alexsmobs:flying_fish_boots":3,"minecraft:obsidian":9,"minecraft:cod":4,"alexsmobs:flying_fish":13,"minecraft:cobblestone":653,"minecraft:birch_log":47,"minecraft:feather":8,"minecraft:water_bucket":3,"minecraft:andesite":26,"minecraft:flint":2,"minecraft:light_gray_dye":3,"minecraft:lapis_lazuli":172,"minecraft:dirt":214,"minecraft:glass":24,"minecraft:bone":29,"minecraft:bow":1,"minecraft:wheat_seeds":42,"minecraft:raw_gold":11,"minecraft:oak_planks":503,"minecraft:cooked_porkchop":2,"minecraft:sand":145,"minecraft:ink_sac":3,"minecraft:grass_block":1,"alexsmobs:animal_dictionary":4,"minecraft:diamond":2,"minecraft:spruce_boat":12,"minecraft:granite":35,"minecraft:bone_meal":2,"minecraft:emerald":5,"alexsmobs:maggot":3,"minecraft:oak_sapling":10,"minecraft:crafting_table":6,"minecraft:chicken":4,"irons_spellbooks:tarnished_helmet":2,"minecraft:wooden_pickaxe":9,"minecraft:shield":13,"alexsmobs:cooked_catfish":53,"minecraft:iron_axe":5,"minecraft:wooden_sword":2,"minecraft:iron_shovel":1,"minecraft:beef":17,"minecraft:oak_boat":1,"minecraft:poppy":1,"minecraft:chest":2,"minecraft:egg":3,"minecraft:raw_iron":178,"minecraft:sandstone":1,"minecraft:oak_door":22,"minecraft:arrow":18,"minecraft:pink_tulip":6,"minecraft:mutton":22,"minecraft:white_wool":14,"minecraft:salmon":1,"minecraft:leather":18,"minecraft:cut_sandstone":4,"minecraft:birch_planks":225,"minecraft:oak_log":173,"minecraft:lily_pad":51,"minecraft:gunpowder":10,"minecraft:wooden_hoe":2,"minecraft:apple":2,"minecraft:kelp":28,"minecraft:stone_pickaxe":4,"minecraft:iron_sword":9,"minecraft:sweet_berries":110,"minecraft:birch_boat":3,"minecraft:dandelion":1,"minecraft:gravel":5,"minecraft:birch_stairs":5,"minecraft:spruce_sapling":8,"minecraft:white_bed":2,"minecraft:spruce_log":76,"minecraft:spider_eye":16,"alexsmobs:raw_catfish":58,"minecraft:slime_ball":4,"minecraft:stone_axe":2,"minecraft:iron_helmet":5,"minecraft:black_wool":2,"minecraft:coal":200},"minecraft:used":{"minecraft:chest":1,"minecraft:shield":158,"minecraft:iron_sword":349,"minecraft:rotten_flesh":36,"minecraft:iron_chestplate":1,"minecraft:mutton":3,"minecraft:spruce_boat":7,"minecraft:glass":16,"minecraft:grass_block":1,"alexsmobs:cooked_lobster_tail":2,"minecraft:iron_helmet":1,"minecraft:bow":7,"minecraft:sweet_berries":77,"minecraft:furnace":6,"minecraft:oak_sapling":5,"minecraft:cooked_cod":7,"minecraft:egg":1,"alexsmobs:raw_catfish":5,"minecraft:diorite":6,"minecraft:stone_pickaxe":134,"minecraft:oak_planks":436,"alexsmobs:flying_fish_boots":3,"minecraft:wooden_pickaxe":51,"minecraft:sand":76,"minecraft:bread":4,"minecraft:gravel":1,"minecraft:wooden_sword":39,"minecraft:andesite":2,"minecraft:oak_boat":3,"minecraft:bone_meal":30,"minecraft:oak_fence":9,"minecraft:spruce_planks":53,"minecraft:oak_door":16,"minecraft:torch":169,"minecraft:dirt":145,"minecraft:wooden_axe":21,"alexsmobs:maggot":3,"minecraft:iron_axe":499,"minecraft:oak_stairs":232,"minecraft:iron_boots":3,"minecraft:beef":5,"minecraft:cooked_beef":5,"minecraft:cobbled_deepslate":3,"minecraft:iron_leggings":2,"minecraft:wheat_seeds":11,"minecraft:cooked_mutton":3,"alexsmobs:cooked_catfish":42,"minecraft:water_bucket":53,"minecraft:birch_planks":164,"minecraft:birch_boat":3,"minecraft:salmon":1,"minecraft:crafting_table":11,"minecraft:white_bed":2,"minecraft:cod":1,"minecraft:oak_log":25,"minecraft:diamond_pickaxe":13,"minecraft:apple":2,"minecraft:iron_pickaxe":535,"minecraft:spruce_sapling":6,"minecraft:stone_axe":29,"minecraft:cobblestone":276,"minecraft:cooked_porkchop":1,"minecraft:porkchop":3,"minecraft:bucket":53,"alexsmobs:animal_dictionary":4,"minecraft:dandelion":1,"minecraft:birch_stairs":4},"minecraft:killed":{"minecraft:cave_spider":2,"minecraft:spider":9,"minecraft:cod":3,"minecraft:skeleton":23,"minecraft:chicken":4,"minecraft:wolf":1,"minecraft:pig":3,"minecraft:zombie_villager":2,"minecraft:salmon":1,"irons_spellbooks:necromancer":2,"minecraft:creeper":2,"minecraft:sheep":8,"minecraft:zombie":37,"minecraft:cow":5,"irons_spellbooks:summoned_zombie":4,"minecraft:slime":12,"minecraft:phantom":1,"alexsmobs:blue_jay":1,"minecraft:drowned":2,"alexsmobs:flying_fish":1,"alexsmobs:catfish":12,"alexsmobs:cockroach":1,"minecraft:enderman":1},"minecraft:killed_by":{"minecraft:creeper":1,"minecraft:cave_spider":2,"minecraft:player":4,"minecraft:spider":2,"irons_spellbooks:necromancer":2,"minecraft:skeleton":3},"minecraft:broken":{"minecraft:stone_pickaxe":1,"minecraft:iron_axe":2,"minecraft:iron_pickaxe":1},"minecraft:custom":{"minecraft:interact_with_crafting_table":101,"minecraft:leave_game":10,"minecraft:time_since_death":104120,"minecraft:sprint_one_cm":872027,"minecraft:damage_blocked_by_shield":5915,"minecraft:drop":268,"minecraft:play_time":477418,"minecraft:deaths":17,"minecraft:jump":5099,"minecraft:walk_on_water_one_cm":128759,"minecraft:interact_with_furnace":189,"minecraft:sleep_in_bed":4,"minecraft:damage_dealt":21952,"minecraft:player_kills":3,"minecraft:crouch_one_cm":31718,"minecraft:mob_kills":140,"minecraft:climb_one_cm":2744,"minecraft:walk_one_cm":1380573,"minecraft:sneak_time":10301,"minecraft:walk_under_water_one_cm":194909,"minecraft:boat_one_cm":1610113,"minecraft:total_world_time":477418,"minecraft:time_since_rest":104178,"minecraft:damage_taken":9320,"minecraft:swim_one_cm":195510,"minecraft:fly_one_cm":729790,"minecraft:open_chest":82,"minecraft:fall_one_cm":105797},"minecraft:mined":{"minecraft:spruce_planks":2,"minecraft:white_bed":1,"minecraft:obsidian":9,"minecraft:granite":9,"minecraft:grass_block":9,"minecraft:spawner":1,"minecraft:tall_seagrass":7,"minecraft:magma_block":1,"minecraft:iron_ore":90,"minecraft:fire":18,"minecraft:deepslate_lapis_ore":9,"minecraft:pointed_dripstone":4,"minecraft:oak_stairs":41,"minecraft:pink_tulip":3,"minecraft:deepslate_redstone_ore":3,"minecraft:cut_sandstone":7,"minecraft:kelp_plant":1,"minecraft:torch":3,"minecraft:chest":1,"minecraft:cobblestone":33,"minecraft:oak_planks":174,"minecraft:seagrass":7,"minecraft:birch_log":47,"minecraft:wheat":14,"minecraft:grass":21,"minecraft:oak_log":144,"minecraft:sand":78,"minecraft:dirt":34,"minecraft:netherrack":1,"minecraft:oak_leaves":34,"minecraft:deepslate":8,"minecraft:tuff":1,"minecraft:deepslate_diamond_ore":2,"minecraft:oak_door":10,"minecraft:glow_lichen":4,"minecraft:spruce_leaves":8,"minecraft:large_fern":2,"minecraft:spruce_sapling":5,"minecraft:furnace":5,"minecraft:chiseled_sandstone":2,"minecraft:andesite":2,"minecraft:gold_block":1,"minecraft:deepslate_iron_ore":20,"minecraft:vine":2,"minecraft:stone":255,"minecraft:white_tulip":1,"minecraft:birch_stairs":1,"minecraft:dandelion":1,"minecraft:oak_fence":3,"minecraft:crafting_table":4,"minecraft:emerald_ore":1,"minecraft:tall_grass":13,"minecraft:lapis_ore":5,"minecraft:deepslate_gold_ore":10,"minecraft:lily_pad":2,"minecraft:diorite":46,"minecraft:birch_planks":43,"minecraft:sweet_berry_bush":52,"minecraft:spruce_log":42,"minecraft:birch_leaves":2,"minecraft:black_wool":1,"minecraft:coal_ore":98,"minecraft:cobweb":4,"minecraft:stone_bricks":1,"minecraft:fern":4},"minecraft:dropped":{"minecraft:iron_sword":3,"minecraft:porkchop":6,"minecraft:lapis_lazuli":12,"minecraft:cooked_beef":4,"minecraft:leather":7,"irons_spellbooks:tarnished_helmet":1,"minecraft:cod":1,"minecraft:flint":2,"alexsmobs:flying_fish":1,"irons_spellbooks:arcane_essence":5,"alexsmobs:cooked_catfish":6,"minecraft:gold_nugget":1,"minecraft:sand":3,"minecraft:iron_pickaxe":3,"minecraft:white_wool":6,"minecraft:birch_stairs":5,"minecraft:white_tulip":1,"alexsmobs:animal_dictionary":2,"minecraft:pointed_dripstone":6,"minecraft:rotten_flesh":13,"minecraft:oak_planks":47,"minecraft:chest":1,"minecraft:arrow":4,"minecraft:beef":1,"minecraft:water_bucket":1,"minecraft:iron_ingot":13,"minecraft:wheat_seeds":5,"minecraft:oak_fence":2,"minecraft:iron_helmet":1,"minecraft:feather":4,"minecraft:granite":8,"alexsmobs:raw_catfish":5,"minecraft:stick":7,"minecraft:torch":2,"minecraft:wooden_axe":1,"minecraft:iron_axe":2,"minecraft:iron_shovel":1,"minecraft:string":6,"minecraft:lily_pad":21,"minecraft:spruce_sapling":1,"minecraft:kelp":27,"minecraft:raw_iron":8,"minecraft:iron_boots":1,"minecraft:spruce_boat":2,"minecraft:shield":2,"minecraft:oak_sapling":1,"minecraft:spider_eye":5,"minecraft:light_gray_dye":2,"minecraft:sandstone":1,"minecraft:stone_pickaxe":1,"minecraft:wooden_pickaxe":1,"minecraft:black_wool":2},"minecraft:crafted":{"minecraft:oak_planks":480,"minecraft:birch_boat":1,"minecraft:cooked_chicken":2,"minecraft:cooked_mutton":3,"minecraft:glass":16,"minecraft:iron_boots":2,"alexsmobs:cooked_catfish":33,"minecraft:oak_fence":9,"minecraft:wooden_shovel":1,"minecraft:crafting_table":7,"minecraft:spruce_planks":124,"minecraft:wooden_pickaxe":2,"minecraft:iron_helmet":2,"minecraft:birch_planks":188,"minecraft:iron_chestplate":2,"minecraft:charcoal":2,"minecraft:diamond_pickaxe":1,"minecraft:shield":2,"minecraft:stick":76,"minecraft:iron_ingot":99,"minecraft:iron_pickaxe":3,"minecraft:birch_stairs":4,"minecraft:wooden_sword":1,"minecraft:oak_door":6,"minecraft:furnace":4,"minecraft:bone_meal":30,"irons_spellbooks:graybeard_staff":1,"minecraft:iron_axe":2,"minecraft:stone_pickaxe":3,"minecraft:spruce_boat":5,"minecraft:cooked_beef":9,"minecraft:cooked_cod":7,"alexsmobs:cooked_lobster_tail":4,"minecraft:iron_sword":2,"minecraft:smooth_sandstone":14,"minecraft:stone_axe":1,"minecraft:bread":4,"minecraft:air":0,"minecraft:oak_boat":2,"minecraft:oak_stairs":196,"minecraft:iron_leggings":2,"minecraft:torch":164}},"DataVersion":3465}