{"stats":{"minecraft:mined":{"minecraft:large_amethyst_bud":1,"minecraft:white_bed":3,"minecraft:oak_sapling":1,"irons_spellbooks:armor_pile":1,"minecraft:sculk_vein":9,"minecraft:granite":2,"minecraft:budding_amethyst":2,"minecraft:grass_block":55,"minecraft:crimson_fungus":1,"minecraft:nether_wart":40,"minecraft:spawner":2,"minecraft:weeping_vines_plant":1,"minecraft:tall_seagrass":1,"minecraft:iron_ore":101,"minecraft:fire":9,"minecraft:pumpkin":8,"minecraft:deepslate_lapis_ore":7,"minecraft:pointed_dripstone":3,"minecraft:dirt_path":1,"minecraft:deepslate_redstone_ore":6,"minecraft:brown_mushroom":41,"minecraft:crimson_nylium":5,"minecraft:powder_snow":59,"minecraft:torch":11,"minecraft:calcite":3,"minecraft:dead_bush":1,"minecraft:cobblestone":53,"minecraft:oak_planks":27,"minecraft:wall_torch":10,"minecraft:amethyst_block":28,"minecraft:pink_petals":16,"minecraft:warped_nylium":10,"minecraft:nether_wart_block":5,"minecraft:birch_log":6,"minecraft:grass":35,"minecraft:oak_log":26,"minecraft:dirt":49,"minecraft:smooth_basalt":1,"minecraft:raw_copper_block":1,"minecraft:red_mushroom_block":4,"minecraft:netherrack":187,"minecraft:oak_leaves":15,"minecraft:deepslate":53,"minecraft:tuff":5,"minecraft:deepslate_diamond_ore":6,"minecraft:oak_door":4,"minecraft:cherry_sapling":1,"minecraft:nether_bricks":22,"minecraft:crimson_roots":2,"minecraft:spruce_leaves":5,"minecraft:red_mushroom":38,"minecraft:crimson_stem":2,"minecraft:furnace":11,"minecraft:andesite":1,"minecraft:gold_block":1,"minecraft:deepslate_iron_ore":49,"minecraft:warped_stem":9,"minecraft:stone":249,"world:leavesoak":1,"world:plantforestbig_1":1,"minecraft:cherry_planks":10,"minecraft:crafting_table":10,"minecraft:emerald_ore":3,"minecraft:oak_wood":29,"world:pf_2":1,"minecraft:sculk_sensor":4,"minecraft:campfire":1,"minecraft:tall_grass":23,"minecraft:lapis_ore":3,"minecraft:deepslate_gold_ore":51,"minecraft:diorite":11,"minecraft:warped_wart_block":1,"world:blockbasestairs":1,"minecraft:sweet_berry_bush":9,"minecraft:birch_leaves":2,"minecraft:coal_ore":106,"minecraft:end_rod":2,"minecraft:sunflower":2,"minecraft:gold_ore":1,"minecraft:fern":4},"minecraft:used":{"minecraft:cherry_sapling":10,"minecraft:iron_shovel":7,"minecraft:chest":3,"minecraft:shield":251,"minecraft:iron_sword":687,"minecraft:rotten_flesh":90,"minecraft:iron_chestplate":1,"minecraft:mutton":2,"minecraft:nether_bricks":9,"minecraft:carrot":1,"minecraft:tuff":3,"minecraft:snowball":36,"minecraft:lava_bucket":1,"minecraft:bow":44,"minecraft:sweet_berries":12,"minecraft:furnace":9,"minecraft:oak_sapling":7,"minecraft:end_rod":1,"minecraft:diorite":6,"minecraft:oak_planks":25,"minecraft:stone_pickaxe":132,"minecraft:ender_pearl":1,"minecraft:wooden_pickaxe":40,"minecraft:mushroom_stew":4,"minecraft:dripstone_block":7,"minecraft:bread":6,"minecraft:andesite":1,"minecraft:oak_boat":2,"minecraft:cherry_boat":4,"minecraft:cooked_salmon":1,"minecraft:cooked_chicken":2,"minecraft:netherrack":147,"minecraft:oak_door":6,"minecraft:torch":365,"minecraft:dirt":158,"minecraft:oak_wood":3,"minecraft:granite":1,"minecraft:wooden_axe":48,"minecraft:iron_axe":168,"minecraft:smooth_basalt":1,"world:oak":7,"minecraft:cooked_beef":39,"minecraft:cobbled_deepslate":16,"minecraft:calcite":3,"minecraft:cooked_mutton":7,"minecraft:water_bucket":5,"minecraft:warped_stem":1,"minecraft:birch_planks":11,"minecraft:birch_boat":3,"minecraft:cherry_planks":23,"minecraft:crafting_table":10,"minecraft:white_bed":3,"minecraft:diamond_pickaxe":410,"minecraft:apple":2,"minecraft:iron_pickaxe":460,"minecraft:stone_axe":283,"minecraft:pink_petals":7,"minecraft:cobblestone":302,"minecraft:porkchop":3,"minecraft:cooked_porkchop":11,"minecraft:bucket":7,"alexsmobs:animal_dictionary":1},"minecraft:killed":{"minecraft:spider":22,"world:dryad":2,"world:appleant_2":1,"minecraft:skeleton":25,"minecraft:chicken":5,"alexsmobs:skelewag":8,"irons_spellbooks:summoned_skeleton":3,"minecraft:pig":2,"minecraft:zombie_villager":1,"minecraft:salmon":1,"minecraft:creeper":4,"alexsmobs:crimson_mosquito":5,"alexsmobs:warped_toad":1,"minecraft:sheep":2,"minecraft:zombie":89,"minecraft:stray":3,"minecraft:ghast":1,"alexsmobs:fly":1,"minecraft:glow_squid":1,"minecraft:blaze":17,"alexsmobs:bone_serpent":1,"alexsmobs:dropbear":1,"irons_spellbooks:summoned_zombie":6,"alexsmobs:tiger":1,"minecraft:drowned":2,"alexsmobs:bison":6,"alexsmobs:tusklin":3,"world:goblin":4,"minecraft:hoglin":2,"alexsmobs:gelada_monkey":1,"alexsmobs:moose":1,"minecraft:wither_skeleton":6},"minecraft:crafted":{"minecraft:oak_planks":216,"minecraft:birch_boat":1,"minecraft:cooked_chicken":4,"minecraft:cherry_boat":1,"minecraft:warped_hyphae":3,"minecraft:cooked_mutton":2,"minecraft:warped_planks":24,"minecraft:bow":1,"minecraft:iron_boots":2,"minecraft:chest":3,"minecraft:golden_boots":1,"minecraft:cooked_porkchop":13,"minecraft:crafting_table":6,"minecraft:wooden_pickaxe":1,"minecraft:iron_helmet":3,"minecraft:birch_planks":24,"minecraft:iron_chestplate":3,"minecraft:diamond_pickaxe":1,"minecraft:shield":5,"minecraft:stick":68,"minecraft:iron_pickaxe":3,"minecraft:iron_ingot":75,"minecraft:gold_ingot":8,"minecraft:oak_door":3,"minecraft:furnace":1,"minecraft:mushroom_stew":4,"minecraft:iron_axe":2,"minecraft:stone_pickaxe":1,"minecraft:cooked_beef":22,"minecraft:crimson_planks":8,"minecraft:iron_sword":3,"minecraft:bowl":4,"minecraft:cooked_salmon":1,"minecraft:bucket":1,"minecraft:stone_axe":4,"minecraft:air":0,"minecraft:oak_boat":1,"minecraft:wooden_axe":1,"minecraft:iron_shovel":1,"minecraft:iron_leggings":3,"minecraft:torch":232},"minecraft:dropped":{"minecraft:iron_sword":2,"minecraft:warped_stem":2,"minecraft:birch_planks":4,"minecraft:diamond":10,"minecraft:cooked_porkchop":2,"mowziesmobs:ice_crystal":2,"minecraft:leather":7,"minecraft:iron_horse_armor":1,"minecraft:dirt":3,"world:oak":8,"minecraft:iron_pickaxe":3,"minecraft:white_wool":1,"minecraft:bone":2,"minecraft:gold_ingot":20,"minecraft:gravel":3,"minecraft:stone_axe":3,"minecraft:blackstone":26,"minecraft:cooked_chicken":4,"minecraft:cobbled_deepslate":32,"minecraft:nether_brick":3,"minecraft:pointed_dripstone":6,"minecraft:cherry_sapling":2,"minecraft:rotten_flesh":18,"minecraft:oak_planks":28,"minecraft:nether_brick_fence":1,"minecraft:warped_planks":20,"minecraft:carrot":1,"world:greenstuff":1,"minecraft:gunpowder":4,"minecraft:charcoal":2,"alexsmobs:moose_ribs":1,"minecraft:warped_wart_block":1,"world:crystal_10":1,"minecraft:quartz":5,"minecraft:netherrack":13,"minecraft:crimson_planks":8,"minecraft:stone_hoe":2,"minecraft:iron_ingot":2,"minecraft:wheat_seeds":13,"minecraft:dripstone_block":8,"minecraft:iron_helmet":2,"minecraft:feather":1,"minecraft:lead":4,"minecraft:stick":12,"minecraft:end_rod":1,"minecraft:diorite":5,"minecraft:torch":1,"minecraft:wooden_hoe":1,"minecraft:wooden_axe":5,"minecraft:cherry_planks":6,"minecraft:fire_charge":2,"minecraft:iron_leggings":2,"minecraft:string":1,"minecraft:pink_petals":2,"irons_spellbooks:frozen_bone":11,"minecraft:sweet_berries":8,"minecraft:nether_wart":1,"minecraft:bowl":4,"alexsmobs:pigshoes":2,"minecraft:tuff":1,"minecraft:raw_iron":2,"minecraft:chicken":2,"minecraft:iron_boots":2,"minecraft:nether_bricks":5,"minecraft:shield":2,"minecraft:iron_chestplate":1,"minecraft:spider_eye":2,"minecraft:birch_boat":1,"minecraft:wooden_pickaxe":5},"minecraft:broken":{"minecraft:iron_boots":1,"minecraft:iron_chestplate":1,"minecraft:iron_leggings":1,"minecraft:stone_pickaxe":1,"minecraft:stone_axe":3,"minecraft:iron_sword":1,"minecraft:shield":1,"minecraft:iron_axe":1,"minecraft:iron_helmet":1},"minecraft:custom":{"minecraft:interact_with_crafting_table":80,"minecraft:open_barrel":7,"minecraft:leave_game":19,"minecraft:time_since_death":4139,"minecraft:sprint_one_cm":1224807,"minecraft:damage_blocked_by_shield":8547,"minecraft:drop":322,"minecraft:talked_to_villager":2,"minecraft:play_time":620303,"minecraft:deaths":47,"minecraft:jump":8680,"minecraft:walk_on_water_one_cm":100815,"minecraft:interact_with_furnace":110,"minecraft:sleep_in_bed":8,"minecraft:damage_dealt":46145,"minecraft:player_kills":3,"minecraft:crouch_one_cm":20303,"minecraft:mob_kills":235,"minecraft:climb_one_cm":1596,"minecraft:walk_one_cm":2094995,"minecraft:sneak_time":7281,"minecraft:walk_under_water_one_cm":80485,"minecraft:boat_one_cm":191766,"minecraft:total_world_time":620303,"minecraft:time_since_rest":4174,"minecraft:damage_taken":20061,"minecraft:swim_one_cm":38375,"minecraft:fly_one_cm":1183388,"minecraft:open_chest":163,"minecraft:fall_one_cm":205532},"minecraft:picked_up":{"minecraft:wooden_axe":5,"irons_spellbooks:scroll":1,"minecraft:nether_brick_fence":1,"minecraft:lead":5,"minecraft:nether_brick":13,"minecraft:crimson_planks":8,"minecraft:amethyst_block":28,"minecraft:string":39,"minecraft:iron_leggings":1,"minecraft:cherry_boat":3,"alexsmobs:blood_sac":4,"minecraft:gold_nugget":22,"minecraft:cobbled_deepslate":65,"minecraft:calcite":3,"minecraft:iron_pickaxe":2,"minecraft:iron_boots":1,"minecraft:furnace":12,"minecraft:tipped_arrow":1,"minecraft:stick":32,"minecraft:torch":138,"minecraft:porkchop":28,"minecraft:pointed_dripstone":12,"minecraft:diorite":16,"minecraft:warped_planks":20,"minecraft:rotten_flesh":107,"minecraft:end_rod":2,"minecraft:blaze_rod":7,"minecraft:snowball":68,"minecraft:cobblestone":351,"minecraft:birch_log":6,"minecraft:pink_petals":93,"minecraft:feather":3,"minecraft:cooked_beef":10,"minecraft:cherry_planks":13,"minecraft:andesite":1,"alexsmobs:bison_fur":5,"minecraft:tuff":7,"minecraft:lapis_lazuli":58,"minecraft:dirt":202,"irons_spellbooks:hogskin":1,"minecraft:bone":49,"minecraft:bow":1,"minecraft:wheat_seeds":16,"minecraft:raw_gold":52,"minecraft:stone_hoe":2,"minecraft:oak_planks":77,"irons_spellbooks:frozen_bone":13,"minecraft:warped_wart_block":1,"world:oak":8,"minecraft:diamond":14,"minecraft:granite":1,"alexsmobs:moose_ribs":1,"minecraft:emerald":2,"minecraft:bread":6,"alexsmobs:maggot":1,"minecraft:oak_sapling":9,"minecraft:netherrack":185,"minecraft:charcoal":2,"minecraft:crafting_table":10,"minecraft:chicken":6,"minecraft:nether_wart":47,"minecraft:brown_mushroom":42,"minecraft:wooden_pickaxe":5,"minecraft:gold_block":1,"minecraft:shield":1,"alexsmobs:pigshoes":4,"minecraft:netherite_scrap":1,"minecraft:blackstone":26,"minecraft:beef":51,"minecraft:oak_boat":3,"minecraft:iron_nugget":31,"minecraft:raw_copper_block":1,"minecraft:raw_iron":198,"minecraft:oak_door":4,"minecraft:bowl":2,"minecraft:fire_charge":2,"minecraft:carrot":2,"minecraft:redstone":34,"minecraft:arrow":14,"minecraft:nether_bricks":19,"mowziesmobs:ice_crystal":2,"minecraft:gold_ingot":6,"minecraft:mutton":4,"minecraft:white_wool":2,"minecraft:crimson_stem":2,"minecraft:glow_ink_sac":23,"minecraft:salmon":1,"minecraft:leather":14,"minecraft:red_mushroom":38,"minecraft:oak_log":29,"minecraft:gunpowder":7,"world:greenstuff":1,"minecraft:wooden_hoe":1,"minecraft:cooked_mutton":5,"minecraft:apple":2,"minecraft:warped_stem":10,"minecraft:iron_ingot":1,"minecraft:cooked_chicken":2,"minecraft:iron_sword":2,"world:crystal_10":2,"minecraft:smooth_basalt":1,"minecraft:pumpkin":7,"alexsmobs:fish_bones":1,"minecraft:birch_boat":3,"minecraft:sweet_berries":18,"minecraft:quartz":5,"minecraft:dripstone_block":15,"minecraft:gravel":6,"minecraft:amethyst_shard":2,"minecraft:white_bed":3,"minecraft:crying_obsidian":3,"minecraft:spider_eye":8,"minecraft:oak_wood":28,"minecraft:stone_axe":2,"minecraft:iron_helmet":1,"minecraft:cherry_sapling":22,"minecraft:coal":263},"minecraft:killed_by":{"minecraft:wither_skeleton":1,"minecraft:creeper":3,"alexsmobs:tusklin":2,"irons_spellbooks:citadel_keeper":2,"minecraft:blaze":1,"minecraft:zombie":6,"mowziesmobs:frostmaw":1,"minecraft:player":6,"minecraft:spider":1,"minecraft:enderman":1,"alexsmobs:bison":1,"alexsmobs:tiger":3,"irons_spellbooks:necromancer":4,"minecraft:skeleton":1,"alexsmobs:crimson_mosquito":1}},"DataVersion":3465}