{"stats":{"minecraft:used":{"minecraft:stone_pickaxe":14,"minecraft:wooden_pickaxe":3},"minecraft:custom":{"minecraft:time_since_rest":6308,"minecraft:play_time":6308,"minecraft:sprint_one_cm":17539,"minecraft:damage_taken":100,"minecraft:walk_one_cm":11068,"minecraft:mob_kills":1,"minecraft:jump":32,"minecraft:damage_dealt":129,"minecraft:leave_game":1,"minecraft:time_since_death":6308,"minecraft:total_world_time":6308,"minecraft:interact_with_crafting_table":4,"minecraft:fall_one_cm":2163,"minecraft:fly_one_cm":6196},"minecraft:crafted":{"minecraft:stone_axe":1,"minecraft:spruce_planks":8,"minecraft:stick":8,"minecraft:wooden_pickaxe":1,"minecraft:stone_pickaxe":1},"minecraft:mined":{"minecraft:spruce_leaves":4,"minecraft:spruce_log":2,"minecraft:stone":12},"minecraft:picked_up":{"minecraft:spruce_log":4,"minecraft:cobblestone":14},"minecraft:killed":{"minecraft:zombie":1}},"DataVersion":3465}