{"stats":{"minecraft:used":{"alexsmobs:raw_catfish":1,"minecraft:diorite":3,"minecraft:stone_shovel":55,"minecraft:stone_pickaxe":202,"minecraft:chest":1,"minecraft:wooden_pickaxe":6,"minecraft:torch":15,"minecraft:dirt":6,"minecraft:crafting_table":2,"minecraft:spruce_boat":4,"minecraft:chicken":1,"minecraft:string":1,"minecraft:stone_axe":98,"minecraft:cobblestone":13,"minecraft:sweet_berries":40,"minecraft:furnace":2,"minecraft:porkchop":2,"minecraft:cooked_porkchop":4,"alexsmobs:animal_dictionary":2,"minecraft:potato":1},"minecraft:broken":{"minecraft:stone_pickaxe":1},"minecraft:custom":{"minecraft:interact_with_furnace":10,"minecraft:mob_kills":26,"minecraft:interact_with_crafting_table":29,"minecraft:leave_game":1,"minecraft:time_since_death":39385,"minecraft:climb_one_cm":4625,"minecraft:time_since_rest":39410,"minecraft:sprint_one_cm":243699,"minecraft:damage_taken":1500,"minecraft:walk_one_cm":138484,"minecraft:drop":24,"minecraft:damage_dealt":3879,"minecraft:swim_one_cm":25290,"minecraft:fly_one_cm":119926,"minecraft:player_kills":2,"minecraft:open_chest":2,"minecraft:crouch_one_cm":2088,"minecraft:play_time":64665,"minecraft:deaths":3,"minecraft:sneak_time":1090,"minecraft:walk_under_water_one_cm":12478,"minecraft:boat_one_cm":125474,"minecraft:jump":1018,"minecraft:walk_on_water_one_cm":14941,"minecraft:total_world_time":64665,"minecraft:fall_one_cm":18447},"minecraft:killed_by":{"minecraft:player":1,"minecraft:skeleton":2},"minecraft:crafted":{"minecraft:oak_planks":52,"minecraft:stone_shovel":1,"minecraft:cooked_porkchop":6,"minecraft:crafting_table":2,"minecraft:spruce_planks":64,"minecraft:wooden_pickaxe":1,"minecraft:furnace":1,"minecraft:stone_axe":1,"minecraft:air":0,"minecraft:charcoal":8,"minecraft:stick":24,"minecraft:stone_pickaxe":2,"minecraft:wooden_axe":1,"minecraft:chest":1,"minecraft:spruce_boat":2,"minecraft:torch":32},"minecraft:dropped":{"minecraft:stone_axe":3,"minecraft:sweet_berries":3,"alexsmobs:animal_dictionary":1,"minecraft:cooked_porkchop":2,"minecraft:cobblestone":32,"minecraft:diorite":7,"minecraft:spruce_planks":9,"minecraft:wooden_axe":2,"minecraft:oak_sapling":1,"minecraft:spruce_log":13,"minecraft:stone_pickaxe":1,"minecraft:lily_pad":17},"minecraft:mined":{"minecraft:spruce_planks":1,"minecraft:crafting_table":1,"minecraft:torch":2,"minecraft:granite":1,"minecraft:grass_block":4,"minecraft:cobblestone":4,"minecraft:spruce_leaves":11,"minecraft:lily_pad":8,"minecraft:diorite":27,"minecraft:wall_torch":1,"minecraft:large_fern":1,"minecraft:tall_seagrass":3,"minecraft:furnace":1,"minecraft:iron_ore":22,"minecraft:sweet_berry_bush":13,"minecraft:spruce_log":16,"minecraft:grass":7,"minecraft:coal_ore":27,"minecraft:oak_log":13,"minecraft:vine":2,"minecraft:gravel":2,"minecraft:dirt":58,"minecraft:stone":116,"minecraft:tripwire":1},"minecraft:killed":{"minecraft:pig":3,"minecraft:spider":1,"minecraft:frog":4,"minecraft:skeleton":8,"alexsmobs:catfish":3,"minecraft:zombie":2,"alexsmobs:cockroach":1,"minecraft:chicken":1,"alexsmobs:fly":1},"minecraft:picked_up":{"minecraft:wooden_axe":2,"minecraft:feather":4,"minecraft:chicken":1,"minecraft:andesite":2,"minecraft:wooden_pickaxe":1,"minecraft:potato":1,"minecraft:oak_log":13,"minecraft:lily_pad":34,"minecraft:dirt":89,"minecraft:string":2,"minecraft:bone":11,"minecraft:wheat_seeds":3,"minecraft:spruce_planks":79,"minecraft:stone_pickaxe":5,"minecraft:furnace":3,"minecraft:raw_iron":22,"minecraft:stick":9,"minecraft:cooked_porkchop":1,"minecraft:sweet_berries":35,"minecraft:torch":10,"minecraft:porkchop":5,"minecraft:spruce_sapling":1,"minecraft:diorite":46,"minecraft:spruce_log":29,"alexsmobs:animal_dictionary":1,"alexsmobs:raw_catfish":6,"minecraft:rotten_flesh":1,"minecraft:arrow":6,"minecraft:stone_axe":7,"minecraft:spruce_boat":5,"minecraft:granite":3,"minecraft:oak_sapling":2,"minecraft:coal":23,"minecraft:cobblestone":198}},"DataVersion":3465}