{"stats":{"minecraft:broken":{"minecraft:stone_pickaxe":1,"minecraft:stone_axe":5,"minecraft:iron_sword":2,"minecraft:wooden_axe":1,"minecraft:stone_shovel":1,"minecraft:stone_hoe":1,"minecraft:iron_axe":1,"minecraft:iron_pickaxe":1,"minecraft:iron_helmet":2},"minecraft:custom":{"minecraft:interact_with_crafting_table":78,"minecraft:leave_game":9,"minecraft:time_since_death":2974,"minecraft:sprint_one_cm":1457264,"minecraft:damage_blocked_by_shield":3365,"minecraft:drop":100,"minecraft:play_time":425224,"minecraft:deaths":49,"minecraft:jump":9407,"minecraft:walk_on_water_one_cm":88300,"minecraft:interact_with_furnace":70,"minecraft:sleep_in_bed":8,"minecraft:damage_dealt":32511,"minecraft:player_kills":6,"minecraft:crouch_one_cm":35460,"minecraft:horse_one_cm":2079,"minecraft:mob_kills":172,"minecraft:walk_one_cm":1216781,"minecraft:sneak_time":13245,"minecraft:walk_under_water_one_cm":69660,"minecraft:boat_one_cm":254625,"minecraft:total_world_time":425224,"minecraft:time_since_rest":3001,"minecraft:damage_taken":17165,"minecraft:swim_one_cm":146639,"minecraft:fly_one_cm":1784320,"minecraft:open_chest":83,"minecraft:fall_one_cm":304139},"minecraft:dropped":{"minecraft:iron_sword":1,"alexsmobs:fish_bones":1,"minecraft:birch_planks":7,"minecraft:lapis_lazuli":2,"minecraft:cooked_beef":11,"minecraft:glow_ink_sac":6,"minecraft:crafting_table":1,"mowziesmobs:ice_crystal":1,"minecraft:dirt":2,"minecraft:raw_copper_block":1,"minecraft:snowball":7,"irons_spellbooks:arcane_essence":1,"minecraft:gold_ingot":4,"minecraft:bone":14,"minecraft:gravel":6,"minecraft:stone_axe":1,"alexsmobs:animal_dictionary":2,"minecraft:rotten_flesh":2,"minecraft:oak_planks":48,"minecraft:rabbit_hide":1,"minecraft:gunpowder":5,"minecraft:charcoal":2,"minecraft:arrow":1,"world:crystal_10":1,"minecraft:stone_hoe":1,"minecraft:bread":3,"minecraft:oak_slab":6,"minecraft:wheat_seeds":7,"minecraft:feather":15,"minecraft:copper_ingot":3,"minecraft:stick":5,"minecraft:wooden_hoe":1,"minecraft:wooden_axe":4,"minecraft:iron_leggings":2,"minecraft:iron_axe":2,"minecraft:pink_petals":9,"minecraft:dandelion":1,"minecraft:furnace":1,"minecraft:raw_iron":1,"minecraft:iron_boots":2,"minecraft:shield":1,"minecraft:iron_chestplate":2,"minecraft:oak_sapling":8,"minecraft:spider_eye":5,"minecraft:birch_boat":1,"minecraft:bow":1,"minecraft:stone_pickaxe":1,"minecraft:wooden_pickaxe":5,"minecraft:calcite":3},"minecraft:picked_up":{"minecraft:wooden_axe":2,"minecraft:iron_chestplate":1,"minecraft:amethyst_block":10,"minecraft:string":14,"minecraft:raw_copper":3,"minecraft:iron_leggings":1,"irons_spellbooks:arcane_essence":33,"minecraft:cobbled_deepslate":169,"minecraft:calcite":3,"minecraft:iron_pickaxe":1,"alexsmobs:raccoon_tail":1,"minecraft:iron_boots":1,"minecraft:furnace":2,"minecraft:tipped_arrow":1,"minecraft:stick":25,"minecraft:torch":4,"minecraft:porkchop":5,"minecraft:cherry_log":153,"minecraft:diorite":84,"minecraft:rotten_flesh":82,"minecraft:end_rod":6,"minecraft:snowball":178,"minecraft:cobblestone":220,"minecraft:birch_log":3,"minecraft:pink_petals":436,"minecraft:feather":25,"minecraft:cooked_beef":1,"minecraft:cherry_planks":147,"minecraft:andesite":21,"alexsmobs:bison_fur":1,"minecraft:flint":2,"minecraft:lapis_lazuli":151,"minecraft:map":1,"minecraft:cherry_door":4,"minecraft:dirt":331,"minecraft:bone":33,"minecraft:bow":2,"minecraft:wheat_seeds":31,"minecraft:rabbit":1,"minecraft:oak_planks":33,"irons_spellbooks:frozen_bone":21,"minecraft:cooked_porkchop":2,"alexsmobs:animal_dictionary":2,"world:oak":14,"minecraft:diamond":3,"alexsmobs:moose_ribs":1,"alexsmobs:maggot":9,"minecraft:oak_sapling":15,"minecraft:charcoal":2,"minecraft:crafting_table":11,"minecraft:chicken":11,"minecraft:brown_mushroom":6,"minecraft:wooden_pickaxe":2,"minecraft:shield":1,"minecraft:iron_axe":2,"minecraft:beef":13,"minecraft:chest":3,"minecraft:raw_copper_block":1,"minecraft:egg":5,"minecraft:raw_iron":54,"minecraft:cherry_stairs":6,"minecraft:redstone":33,"minecraft:arrow":34,"mowziesmobs:ice_crystal":2,"minecraft:oak_chest_boat":1,"minecraft:mutton":6,"minecraft:white_wool":5,"minecraft:glow_ink_sac":5,"minecraft:birch_planks":4,"minecraft:oak_log":21,"minecraft:gunpowder":9,"minecraft:paper":3,"minecraft:rabbit_hide":2,"minecraft:iron_ingot":2,"minecraft:cooked_chicken":2,"minecraft:iron_sword":2,"minecraft:book":5,"minecraft:oak_slab":22,"world:crystal_10":2,"minecraft:smooth_basalt":8,"minecraft:birch_boat":3,"alexsmobs:fish_bones":1,"minecraft:sweet_berries":8,"minecraft:dandelion":1,"minecraft:gravel":8,"minecraft:amethyst_shard":24,"minecraft:white_bed":15,"minecraft:spider_eye":10,"minecraft:oak_wood":3,"alexsmobs:raw_catfish":2,"minecraft:cherry_sapling":47,"minecraft:coal":41,"minecraft:ender_pearl":2,"minecraft:sunflower":5},"minecraft:crafted":{"minecraft:oak_planks":96,"minecraft:birch_boat":1,"minecraft:cooked_chicken":6,"irons_spellbooks:divine_pearl":1,"minecraft:iron_boots":2,"minecraft:chest":1,"minecraft:stone_hoe":3,"minecraft:oak_slab":6,"minecraft:cooked_porkchop":3,"minecraft:crafting_table":11,"irons_spellbooks:shriving_stone":1,"minecraft:wooden_pickaxe":3,"minecraft:iron_helmet":2,"minecraft:copper_ingot":3,"minecraft:birch_planks":12,"minecraft:wooden_hoe":1,"minecraft:iron_chestplate":2,"minecraft:shield":1,"minecraft:stick":40,"minecraft:iron_ingot":76,"minecraft:iron_pickaxe":2,"minecraft:gold_ingot":9,"minecraft:cherry_planks":528,"minecraft:oak_door":3,"minecraft:stone_shovel":1,"minecraft:furnace":4,"minecraft:iron_axe":1,"minecraft:cherry_stairs":80,"minecraft:stone_pickaxe":3,"minecraft:cooked_beef":40,"minecraft:iron_sword":1,"minecraft:stone_axe":7,"minecraft:bread":6,"minecraft:air":0,"minecraft:oak_boat":2,"minecraft:oak_chest_boat":1,"minecraft:wooden_axe":2,"minecraft:cherry_door":3,"minecraft:iron_leggings":2,"minecraft:white_bed":1,"minecraft:torch":8},"minecraft:mined":{"minecraft:white_bed":14,"minecraft:cherry_log":153,"minecraft:sculk_vein":6,"minecraft:budding_amethyst":3,"minecraft:grass_block":173,"world:oak":14,"minecraft:tall_seagrass":1,"minecraft:sculk_catalyst":1,"minecraft:iron_ore":30,"minecraft:cobbled_deepslate":4,"minecraft:deepslate_lapis_ore":4,"world:pfb_2":2,"minecraft:azure_bluet":1,"minecraft:sculk_shrieker":2,"minecraft:deepslate_redstone_ore":1,"minecraft:brown_mushroom":6,"minecraft:amethyst_cluster":7,"minecraft:powder_snow":83,"minecraft:torch":2,"minecraft:calcite":3,"minecraft:chest":3,"minecraft:cobblestone":39,"minecraft:oak_planks":9,"minecraft:wall_torch":3,"minecraft:amethyst_block":12,"minecraft:pink_petals":149,"minecraft:seagrass":3,"minecraft:birch_log":3,"minecraft:cherry_door":4,"minecraft:grass":148,"minecraft:oak_log":21,"minecraft:dirt":64,"minecraft:smooth_basalt":8,"minecraft:oak_leaves":42,"minecraft:deepslate":118,"world:rootssmall_1":1,"minecraft:deepslate_diamond_ore":1,"minecraft:redstone_wire":1,"minecraft:spruce_leaves":11,"minecraft:furnace":2,"minecraft:snow":1,"minecraft:andesite":21,"minecraft:deepslate_iron_ore":23,"minecraft:stone":202,"minecraft:cherry_stairs":6,"world:leavesoak":1,"world:plantforestbig_2":2,"minecraft:oak_slab":18,"world:plantforestbig_1":2,"minecraft:cherry_planks":147,"minecraft:snow_block":4,"minecraft:dandelion":1,"minecraft:crafting_table":11,"minecraft:oak_wood":3,"minecraft:sculk_sensor":3,"minecraft:campfire":1,"minecraft:tall_grass":34,"minecraft:copper_ore":1,"minecraft:lapis_ore":8,"minecraft:sculk":131,"minecraft:diorite":51,"minecraft:sweet_berry_bush":1,"minecraft:ice":1,"minecraft:birch_leaves":1,"minecraft:bee_nest":1,"minecraft:coal_ore":40,"minecraft:cherry_leaves":49,"minecraft:end_rod":5,"minecraft:sunflower":9,"minecraft:gravel":8},"minecraft:used":{"minecraft:cherry_sapling":38,"minecraft:chest":3,"minecraft:shield":155,"minecraft:iron_sword":352,"minecraft:rotten_flesh":51,"minecraft:iron_chestplate":1,"minecraft:mutton":1,"minecraft:snowball":139,"minecraft:sweet_berries":8,"minecraft:furnace":5,"minecraft:egg":5,"minecraft:oak_chest_boat":1,"alexsmobs:raw_catfish":2,"minecraft:end_rod":5,"minecraft:diorite":56,"minecraft:stone_pickaxe":179,"minecraft:oak_planks":120,"minecraft:ender_pearl":2,"minecraft:wooden_pickaxe":27,"minecraft:bread":3,"minecraft:gravel":1,"minecraft:andesite":2,"minecraft:oak_boat":1,"minecraft:stone_shovel":231,"minecraft:redstone":1,"minecraft:stone_hoe":187,"minecraft:cooked_chicken":7,"minecraft:oak_door":3,"minecraft:torch":12,"minecraft:dirt":299,"alexsmobs:moose_ribs":1,"minecraft:wooden_axe":41,"alexsmobs:maggot":9,"minecraft:iron_axe":188,"minecraft:beef":2,"minecraft:cooked_beef":30,"minecraft:cobbled_deepslate":103,"minecraft:cherry_log":21,"minecraft:rabbit":1,"minecraft:birch_boat":3,"minecraft:cherry_planks":528,"minecraft:oak_slab":22,"minecraft:crafting_table":22,"minecraft:white_bed":16,"minecraft:wooden_hoe":4,"minecraft:cherry_door":6,"minecraft:chicken":5,"minecraft:iron_pickaxe":404,"minecraft:map":1,"minecraft:stone_axe":525,"minecraft:cherry_stairs":60,"minecraft:cobblestone":126,"minecraft:cooked_porkchop":5,"minecraft:porkchop":5},"minecraft:killed":{"alexsmobs:hummingbird":1,"minecraft:spider":15,"alexsmobs:snow_leopard":3,"mowziesmobs:frostmaw":1,"world:dryad":3,"minecraft:skeleton":23,"minecraft:chicken":11,"alexsmobs:skelewag":3,"irons_spellbooks:summoned_skeleton":5,"minecraft:pig":1,"alexsmobs:seal":1,"irons_spellbooks:necromancer":6,"minecraft:creeper":3,"minecraft:sheep":4,"minecraft:goat":1,"minecraft:zombie":49,"minecraft:stray":5,"alexsmobs:fly":5,"irons_spellbooks:summoned_zombie":3,"alexsmobs:tiger":1,"alexsmobs:raccoon":3,"alexsmobs:seagull":1,"alexsmobs:comb_jelly":1,"alexsmobs:bison":2,"alexsmobs:tusklin":2,"world:goblin":6,"minecraft:rabbit":1,"alexsmobs:catfish":1,"alexsmobs:moose":1,"minecraft:enderman":2},"minecraft:killed_by":{"minecraft:creeper":1,"alexsmobs:tusklin":1,"minecraft:zombie":4,"mowziesmobs:frostmaw":2,"world:dryad":1,"minecraft:player":3,"irons_spellbooks:summoned_skeleton":1,"minecraft:spider":1,"minecraft:enderman":1,"alexsmobs:bison":6,"alexsmobs:tiger":2,"irons_spellbooks:necromancer":6,"minecraft:skeleton":6,"alexsmobs:moose":1,"mowziesmobs:naga":1}},"DataVersion":3465}