{"stats":{"minecraft:broken":{"minecraft:stone_hoe":1,"minecraft:stone_pickaxe":1,"minecraft:stone_axe":2,"minecraft:iron_sword":1,"minecraft:iron_pickaxe":1,"minecraft:iron_helmet":1,"minecraft:wooden_axe":1},"minecraft:custom":{"minecraft:mob_kills":108,"minecraft:interact_with_crafting_table":59,"minecraft:leave_game":7,"minecraft:time_since_death":2438,"minecraft:sprint_one_cm":1111965,"minecraft:walk_one_cm":811325,"minecraft:damage_blocked_by_shield":1955,"minecraft:drop":81,"minecraft:play_time":330281,"minecraft:deaths":38,"minecraft:sneak_time":10123,"minecraft:walk_under_water_one_cm":69660,"minecraft:boat_one_cm":254625,"minecraft:jump":7656,"minecraft:walk_on_water_one_cm":88300,"minecraft:total_world_time":330281,"minecraft:interact_with_furnace":60,"minecraft:sleep_in_bed":5,"minecraft:time_since_rest":2463,"minecraft:damage_taken":13880,"minecraft:damage_dealt":21154,"minecraft:swim_one_cm":146639,"minecraft:fly_one_cm":1411128,"minecraft:player_kills":6,"minecraft:open_chest":76,"minecraft:crouch_one_cm":27396,"minecraft:fall_one_cm":265028,"minecraft:horse_one_cm":2079},"minecraft:dropped":{"minecraft:stone_hoe":1,"minecraft:bread":3,"minecraft:iron_sword":1,"alexsmobs:fish_bones":1,"minecraft:birch_planks":7,"minecraft:wheat_seeds":7,"minecraft:cooked_beef":11,"minecraft:glow_ink_sac":6,"mowziesmobs:ice_crystal":1,"minecraft:feather":2,"minecraft:copper_ingot":3,"minecraft:stick":3,"minecraft:raw_copper_block":1,"minecraft:wooden_hoe":1,"minecraft:wooden_axe":4,"minecraft:snowball":7,"minecraft:iron_leggings":2,"irons_spellbooks:arcane_essence":1,"minecraft:iron_axe":2,"minecraft:gravel":6,"minecraft:stone_axe":1,"alexsmobs:animal_dictionary":2,"minecraft:rotten_flesh":2,"minecraft:oak_planks":48,"minecraft:iron_boots":2,"minecraft:rabbit_hide":1,"minecraft:shield":1,"minecraft:gunpowder":5,"minecraft:iron_chestplate":2,"minecraft:spider_eye":5,"minecraft:birch_boat":1,"minecraft:arrow":1,"minecraft:wooden_pickaxe":5,"minecraft:stone_pickaxe":1,"minecraft:calcite":3,"world:crystal_10":1},"minecraft:picked_up":{"minecraft:wooden_axe":2,"minecraft:iron_chestplate":1,"minecraft:charcoal":2,"minecraft:crafting_table":10,"minecraft:chicken":7,"minecraft:brown_mushroom":6,"minecraft:wooden_pickaxe":2,"minecraft:shield":1,"minecraft:amethyst_block":10,"minecraft:string":4,"minecraft:iron_axe":2,"minecraft:raw_copper":3,"minecraft:iron_leggings":1,"irons_spellbooks:arcane_essence":29,"minecraft:cobbled_deepslate":169,"minecraft:beef":7,"minecraft:calcite":3,"minecraft:iron_pickaxe":1,"minecraft:chest":2,"minecraft:iron_boots":1,"minecraft:raw_copper_block":1,"minecraft:egg":4,"minecraft:furnace":1,"minecraft:tipped_arrow":1,"minecraft:raw_iron":53,"minecraft:stick":7,"minecraft:torch":4,"minecraft:porkchop":5,"minecraft:diorite":84,"minecraft:redstone":33,"minecraft:arrow":9,"minecraft:rotten_flesh":65,"mowziesmobs:ice_crystal":2,"minecraft:oak_chest_boat":1,"minecraft:end_rod":4,"minecraft:mutton":6,"minecraft:snowball":166,"minecraft:white_wool":5,"minecraft:cobblestone":137,"minecraft:birch_log":3,"minecraft:feather":21,"minecraft:cooked_beef":1,"minecraft:glow_ink_sac":5,"minecraft:andesite":21,"minecraft:birch_planks":4,"alexsmobs:bison_fur":1,"minecraft:flint":2,"minecraft:oak_log":21,"minecraft:gunpowder":9,"minecraft:paper":3,"minecraft:map":1,"minecraft:lapis_lazuli":151,"minecraft:dirt":138,"minecraft:bone":18,"minecraft:wheat_seeds":9,"minecraft:rabbit_hide":2,"minecraft:iron_ingot":2,"minecraft:cooked_chicken":2,"minecraft:rabbit":1,"minecraft:iron_sword":2,"minecraft:oak_planks":33,"minecraft:book":5,"world:crystal_10":1,"minecraft:oak_slab":22,"minecraft:smooth_basalt":8,"minecraft:birch_boat":3,"irons_spellbooks:frozen_bone":21,"minecraft:cooked_porkchop":2,"alexsmobs:fish_bones":1,"minecraft:sweet_berries":8,"minecraft:gravel":8,"minecraft:amethyst_shard":24,"minecraft:white_bed":10,"alexsmobs:animal_dictionary":2,"minecraft:spider_eye":6,"world:oak":14,"minecraft:oak_wood":3,"alexsmobs:raw_catfish":2,"minecraft:diamond":1,"alexsmobs:moose_ribs":1,"alexsmobs:maggot":9,"minecraft:oak_sapling":15,"minecraft:coal":41,"minecraft:ender_pearl":1},"minecraft:crafted":{"minecraft:oak_door":3,"minecraft:oak_planks":96,"minecraft:birch_boat":1,"minecraft:cooked_chicken":4,"minecraft:furnace":2,"irons_spellbooks:divine_pearl":1,"minecraft:iron_boots":2,"minecraft:iron_axe":1,"minecraft:stone_pickaxe":3,"minecraft:stone_hoe":2,"minecraft:cooked_beef":36,"minecraft:oak_slab":6,"minecraft:cooked_porkchop":3,"irons_spellbooks:shriving_stone":1,"minecraft:crafting_table":8,"minecraft:wooden_pickaxe":3,"minecraft:iron_helmet":2,"minecraft:iron_sword":1,"minecraft:copper_ingot":3,"minecraft:birch_planks":12,"minecraft:stone_axe":3,"minecraft:bread":6,"minecraft:air":0,"minecraft:oak_boat":2,"minecraft:oak_chest_boat":1,"minecraft:iron_chestplate":2,"minecraft:wooden_hoe":1,"minecraft:shield":1,"minecraft:stick":36,"minecraft:iron_pickaxe":2,"minecraft:iron_ingot":76,"minecraft:wooden_axe":2,"minecraft:gold_ingot":9,"minecraft:iron_leggings":2,"minecraft:white_bed":1,"minecraft:torch":8},"minecraft:used":{"minecraft:redstone":1,"minecraft:shield":106,"minecraft:iron_sword":158,"minecraft:cooked_chicken":5,"minecraft:stone_hoe":155,"minecraft:rotten_flesh":41,"minecraft:iron_chestplate":1,"minecraft:oak_door":3,"minecraft:torch":12,"minecraft:dirt":124,"minecraft:mutton":1,"alexsmobs:moose_ribs":1,"minecraft:snowball":139,"minecraft:wooden_axe":41,"alexsmobs:maggot":9,"minecraft:iron_axe":115,"minecraft:sweet_berries":5,"minecraft:furnace":3,"minecraft:egg":4,"minecraft:cooked_beef":26,"minecraft:cobbled_deepslate":103,"minecraft:oak_chest_boat":1,"alexsmobs:raw_catfish":2,"minecraft:diorite":56,"minecraft:end_rod":4,"minecraft:rabbit":1,"minecraft:stone_pickaxe":179,"minecraft:oak_planks":120,"minecraft:ender_pearl":1,"minecraft:birch_boat":3,"minecraft:wooden_pickaxe":27,"minecraft:oak_slab":22,"minecraft:crafting_table":19,"minecraft:white_bed":11,"minecraft:wooden_hoe":4,"minecraft:bread":3,"minecraft:chicken":3,"minecraft:map":1,"minecraft:iron_pickaxe":295,"minecraft:gravel":1,"minecraft:stone_axe":186,"minecraft:cobblestone":93,"minecraft:cooked_porkchop":5,"minecraft:porkchop":5,"minecraft:andesite":2,"minecraft:oak_boat":1},"minecraft:mined":{"world:rootssmall_1":1,"minecraft:white_bed":10,"minecraft:deepslate_diamond_ore":1,"minecraft:sculk_vein":6,"minecraft:budding_amethyst":3,"minecraft:grass_block":38,"minecraft:redstone_wire":1,"world:oak":14,"minecraft:spruce_leaves":11,"minecraft:tall_seagrass":1,"minecraft:sculk_catalyst":1,"minecraft:furnace":1,"minecraft:iron_ore":30,"minecraft:cobbled_deepslate":4,"minecraft:andesite":21,"minecraft:deepslate_lapis_ore":4,"minecraft:azure_bluet":1,"world:pfb_2":2,"minecraft:sculk_shrieker":2,"minecraft:deepslate_iron_ore":23,"minecraft:stone":123,"world:leavesoak":1,"world:plantforestbig_2":2,"minecraft:deepslate_redstone_ore":1,"minecraft:oak_slab":18,"minecraft:brown_mushroom":6,"world:plantforestbig_1":2,"minecraft:amethyst_cluster":7,"minecraft:powder_snow":58,"minecraft:crafting_table":10,"minecraft:torch":1,"minecraft:oak_wood":3,"minecraft:calcite":3,"minecraft:chest":2,"minecraft:campfire":1,"minecraft:sculk_sensor":3,"minecraft:tall_grass":8,"minecraft:copper_ore":1,"minecraft:cobblestone":15,"minecraft:lapis_ore":8,"minecraft:oak_planks":9,"minecraft:sculk":131,"minecraft:diorite":51,"minecraft:wall_torch":3,"minecraft:amethyst_block":12,"minecraft:seagrass":3,"minecraft:sweet_berry_bush":1,"minecraft:birch_log":3,"minecraft:ice":1,"minecraft:birch_leaves":1,"minecraft:bee_nest":1,"minecraft:grass":34,"minecraft:oak_log":21,"minecraft:coal_ore":40,"minecraft:end_rod":4,"minecraft:gravel":8,"minecraft:dirt":45,"minecraft:smooth_basalt":8,"minecraft:oak_leaves":42,"minecraft:deepslate":118},"minecraft:killed":{"irons_spellbooks:summoned_zombie":3,"minecraft:spider":7,"alexsmobs:snow_leopard":3,"alexsmobs:seagull":1,"mowziesmobs:frostmaw":1,"world:dryad":1,"minecraft:skeleton":4,"minecraft:chicken":7,"alexsmobs:comb_jelly":1,"alexsmobs:bison":1,"alexsmobs:tusklin":2,"alexsmobs:skelewag":3,"irons_spellbooks:summoned_skeleton":4,"world:goblin":6,"minecraft:pig":1,"alexsmobs:seal":1,"minecraft:rabbit":1,"irons_spellbooks:necromancer":4,"minecraft:creeper":3,"minecraft:sheep":4,"alexsmobs:catfish":1,"minecraft:goat":1,"minecraft:zombie":30,"minecraft:stray":5,"alexsmobs:moose":1,"alexsmobs:fly":5,"minecraft:enderman":1},"minecraft:killed_by":{"minecraft:player":2,"minecraft:creeper":1,"minecraft:spider":1,"alexsmobs:bison":6,"alexsmobs:tusklin":1,"irons_spellbooks:necromancer":5,"minecraft:skeleton":3,"minecraft:zombie":3,"mowziesmobs:frostmaw":2,"alexsmobs:moose":1,"mowziesmobs:naga":1}},"DataVersion":3465}