{"stats":{"minecraft:broken":{"minecraft:stone_hoe":1,"minecraft:stone_pickaxe":1,"minecraft:stone_axe":2,"minecraft:iron_sword":1,"minecraft:iron_pickaxe":1,"minecraft:iron_helmet":1,"minecraft:wooden_axe":1},"minecraft:custom":{"minecraft:mob_kills":138,"minecraft:interact_with_crafting_table":65,"minecraft:leave_game":9,"minecraft:time_since_death":3390,"minecraft:sprint_one_cm":1197217,"minecraft:walk_one_cm":918838,"minecraft:damage_blocked_by_shield":2835,"minecraft:drop":100,"minecraft:play_time":359224,"minecraft:deaths":41,"minecraft:sneak_time":11390,"minecraft:walk_under_water_one_cm":69660,"minecraft:boat_one_cm":254625,"minecraft:jump":8301,"minecraft:walk_on_water_one_cm":88300,"minecraft:total_world_time":359224,"minecraft:interact_with_furnace":70,"minecraft:sleep_in_bed":7,"minecraft:time_since_rest":3441,"minecraft:damage_taken":15088,"minecraft:damage_dealt":26572,"minecraft:player_kills":6,"minecraft:swim_one_cm":146639,"minecraft:fly_one_cm":1556316,"minecraft:crouch_one_cm":29183,"minecraft:open_chest":79,"minecraft:fall_one_cm":277999,"minecraft:horse_one_cm":2079},"minecraft:dropped":{"minecraft:stone_hoe":1,"minecraft:bread":3,"minecraft:iron_sword":1,"minecraft:oak_slab":6,"alexsmobs:fish_bones":1,"minecraft:birch_planks":7,"minecraft:wheat_seeds":7,"minecraft:lapis_lazuli":2,"minecraft:cooked_beef":11,"minecraft:glow_ink_sac":6,"minecraft:crafting_table":1,"mowziesmobs:ice_crystal":1,"minecraft:feather":15,"minecraft:copper_ingot":3,"minecraft:stick":5,"minecraft:dirt":2,"minecraft:raw_copper_block":1,"minecraft:wooden_hoe":1,"minecraft:wooden_axe":4,"minecraft:snowball":7,"minecraft:iron_leggings":2,"irons_spellbooks:arcane_essence":1,"minecraft:iron_axe":2,"minecraft:pink_petals":9,"minecraft:bone":14,"minecraft:dandelion":1,"minecraft:gold_ingot":4,"minecraft:gravel":6,"minecraft:furnace":1,"minecraft:stone_axe":1,"alexsmobs:animal_dictionary":2,"minecraft:raw_iron":1,"minecraft:rotten_flesh":2,"minecraft:oak_planks":48,"minecraft:iron_boots":2,"minecraft:rabbit_hide":1,"minecraft:shield":1,"minecraft:gunpowder":5,"minecraft:iron_chestplate":2,"minecraft:charcoal":2,"minecraft:oak_sapling":8,"minecraft:spider_eye":5,"minecraft:birch_boat":1,"minecraft:arrow":1,"minecraft:bow":1,"minecraft:stone_pickaxe":1,"minecraft:wooden_pickaxe":5,"minecraft:calcite":3,"world:crystal_10":1},"minecraft:picked_up":{"minecraft:wooden_axe":2,"minecraft:charcoal":2,"minecraft:iron_chestplate":1,"minecraft:crafting_table":11,"minecraft:chicken":9,"minecraft:brown_mushroom":6,"minecraft:wooden_pickaxe":2,"minecraft:shield":1,"minecraft:amethyst_block":10,"minecraft:string":7,"minecraft:raw_copper":3,"minecraft:iron_axe":2,"minecraft:iron_leggings":1,"irons_spellbooks:arcane_essence":33,"minecraft:cobbled_deepslate":169,"minecraft:beef":13,"minecraft:calcite":3,"minecraft:iron_pickaxe":1,"minecraft:chest":3,"minecraft:iron_boots":1,"minecraft:furnace":2,"minecraft:raw_copper_block":1,"minecraft:egg":4,"minecraft:tipped_arrow":1,"minecraft:raw_iron":54,"minecraft:stick":7,"minecraft:torch":4,"minecraft:porkchop":5,"minecraft:cherry_log":15,"minecraft:diorite":84,"minecraft:redstone":33,"minecraft:arrow":26,"minecraft:rotten_flesh":65,"mowziesmobs:ice_crystal":2,"minecraft:end_rod":6,"minecraft:oak_chest_boat":1,"minecraft:mutton":6,"minecraft:snowball":166,"minecraft:white_wool":5,"minecraft:cobblestone":214,"minecraft:birch_log":3,"minecraft:pink_petals":37,"minecraft:feather":25,"minecraft:cooked_beef":1,"minecraft:glow_ink_sac":5,"minecraft:andesite":21,"minecraft:birch_planks":4,"alexsmobs:bison_fur":1,"minecraft:flint":2,"minecraft:oak_log":21,"minecraft:gunpowder":9,"minecraft:map":1,"minecraft:lapis_lazuli":151,"minecraft:dirt":144,"minecraft:paper":3,"minecraft:bone":29,"minecraft:bow":1,"minecraft:wheat_seeds":16,"minecraft:rabbit_hide":2,"minecraft:iron_ingot":2,"minecraft:cooked_chicken":2,"minecraft:rabbit":1,"minecraft:oak_planks":33,"minecraft:iron_sword":2,"minecraft:book":5,"world:crystal_10":2,"minecraft:oak_slab":22,"minecraft:smooth_basalt":8,"minecraft:cooked_porkchop":2,"irons_spellbooks:frozen_bone":21,"minecraft:birch_boat":3,"alexsmobs:fish_bones":1,"minecraft:sweet_berries":8,"minecraft:dandelion":1,"minecraft:gravel":8,"minecraft:amethyst_shard":24,"minecraft:white_bed":12,"minecraft:spider_eye":8,"alexsmobs:animal_dictionary":2,"world:oak":14,"alexsmobs:raw_catfish":2,"minecraft:oak_wood":3,"minecraft:diamond":1,"minecraft:cherry_sapling":1,"alexsmobs:moose_ribs":1,"alexsmobs:maggot":9,"minecraft:oak_sapling":15,"minecraft:coal":41,"minecraft:ender_pearl":2},"minecraft:crafted":{"minecraft:cherry_planks":36,"minecraft:oak_door":3,"minecraft:oak_planks":96,"minecraft:birch_boat":1,"minecraft:cooked_chicken":6,"minecraft:furnace":4,"irons_spellbooks:divine_pearl":1,"minecraft:iron_boots":2,"minecraft:iron_axe":1,"minecraft:stone_pickaxe":3,"minecraft:chest":1,"minecraft:stone_hoe":2,"minecraft:cooked_beef":40,"minecraft:oak_slab":6,"minecraft:cooked_porkchop":3,"irons_spellbooks:shriving_stone":1,"minecraft:crafting_table":10,"minecraft:wooden_pickaxe":3,"minecraft:iron_helmet":2,"minecraft:iron_sword":1,"minecraft:copper_ingot":3,"minecraft:birch_planks":12,"minecraft:stone_axe":3,"minecraft:bread":6,"minecraft:air":0,"minecraft:oak_boat":2,"minecraft:oak_chest_boat":1,"minecraft:iron_chestplate":2,"minecraft:wooden_hoe":1,"minecraft:shield":1,"minecraft:stick":36,"minecraft:iron_ingot":76,"minecraft:iron_pickaxe":2,"minecraft:wooden_axe":2,"minecraft:iron_leggings":2,"minecraft:gold_ingot":9,"minecraft:white_bed":1,"minecraft:torch":8},"minecraft:used":{"minecraft:redstone":1,"minecraft:chest":3,"minecraft:shield":133,"minecraft:iron_sword":290,"minecraft:cooked_chicken":7,"minecraft:rotten_flesh":41,"minecraft:stone_hoe":155,"minecraft:oak_door":3,"minecraft:iron_chestplate":1,"minecraft:torch":12,"minecraft:dirt":126,"minecraft:mutton":1,"alexsmobs:moose_ribs":1,"minecraft:snowball":139,"minecraft:wooden_axe":41,"alexsmobs:maggot":9,"minecraft:iron_axe":137,"minecraft:beef":2,"minecraft:sweet_berries":8,"minecraft:furnace":5,"minecraft:egg":4,"minecraft:cooked_beef":30,"minecraft:cobbled_deepslate":103,"minecraft:oak_chest_boat":1,"alexsmobs:raw_catfish":2,"minecraft:diorite":56,"minecraft:end_rod":5,"minecraft:rabbit":1,"minecraft:stone_pickaxe":179,"minecraft:oak_planks":120,"minecraft:ender_pearl":1,"minecraft:wooden_pickaxe":27,"minecraft:birch_boat":3,"minecraft:oak_slab":22,"minecraft:crafting_table":21,"minecraft:white_bed":13,"minecraft:wooden_hoe":4,"minecraft:chicken":3,"minecraft:iron_pickaxe":396,"minecraft:map":1,"minecraft:bread":3,"minecraft:gravel":1,"minecraft:stone_axe":186,"minecraft:cobblestone":120,"minecraft:porkchop":5,"minecraft:cooked_porkchop":5,"minecraft:andesite":2,"minecraft:oak_boat":1},"minecraft:mined":{"world:rootssmall_1":1,"minecraft:white_bed":12,"minecraft:deepslate_diamond_ore":1,"minecraft:sculk_vein":6,"minecraft:cherry_log":17,"minecraft:budding_amethyst":3,"minecraft:grass_block":40,"minecraft:redstone_wire":1,"world:oak":14,"minecraft:spruce_leaves":11,"minecraft:tall_seagrass":1,"minecraft:sculk_catalyst":1,"minecraft:furnace":2,"minecraft:iron_ore":30,"minecraft:cobbled_deepslate":4,"minecraft:andesite":21,"minecraft:deepslate_lapis_ore":4,"world:pfb_2":2,"minecraft:azure_bluet":1,"minecraft:sculk_shrieker":2,"minecraft:deepslate_iron_ore":23,"minecraft:stone":202,"world:leavesoak":1,"minecraft:deepslate_redstone_ore":1,"world:plantforestbig_2":2,"minecraft:oak_slab":18,"minecraft:brown_mushroom":6,"world:plantforestbig_1":2,"minecraft:amethyst_cluster":7,"minecraft:dandelion":1,"minecraft:powder_snow":83,"minecraft:torch":1,"minecraft:crafting_table":11,"minecraft:oak_wood":3,"minecraft:calcite":3,"minecraft:chest":3,"minecraft:sculk_sensor":3,"minecraft:campfire":1,"minecraft:copper_ore":1,"minecraft:tall_grass":20,"minecraft:cobblestone":33,"minecraft:lapis_ore":8,"minecraft:oak_planks":9,"minecraft:sculk":131,"minecraft:wall_torch":3,"minecraft:diorite":51,"minecraft:amethyst_block":12,"minecraft:pink_petals":10,"minecraft:seagrass":3,"minecraft:birch_log":3,"minecraft:sweet_berry_bush":1,"minecraft:ice":1,"minecraft:birch_leaves":1,"minecraft:bee_nest":1,"minecraft:grass":53,"minecraft:coal_ore":40,"minecraft:oak_log":21,"minecraft:end_rod":5,"minecraft:gravel":8,"minecraft:dirt":45,"minecraft:smooth_basalt":8,"minecraft:oak_leaves":42,"minecraft:deepslate":118},"minecraft:killed":{"alexsmobs:hummingbird":1,"irons_spellbooks:summoned_zombie":3,"alexsmobs:tiger":1,"minecraft:spider":8,"alexsmobs:snow_leopard":3,"alexsmobs:seagull":1,"mowziesmobs:frostmaw":1,"world:dryad":3,"minecraft:skeleton":17,"minecraft:chicken":9,"alexsmobs:comb_jelly":1,"alexsmobs:bison":2,"alexsmobs:tusklin":2,"alexsmobs:skelewag":3,"irons_spellbooks:summoned_skeleton":4,"world:goblin":6,"minecraft:pig":1,"alexsmobs:seal":1,"minecraft:rabbit":1,"irons_spellbooks:necromancer":6,"minecraft:creeper":3,"minecraft:sheep":4,"alexsmobs:catfish":1,"minecraft:goat":1,"minecraft:zombie":35,"minecraft:stray":5,"alexsmobs:moose":1,"alexsmobs:fly":5,"minecraft:enderman":2},"minecraft:killed_by":{"minecraft:player":2,"minecraft:creeper":1,"minecraft:spider":1,"alexsmobs:bison":6,"alexsmobs:tusklin":1,"alexsmobs:tiger":2,"irons_spellbooks:necromancer":5,"minecraft:skeleton":3,"minecraft:zombie":3,"mowziesmobs:frostmaw":2,"world:dryad":1,"alexsmobs:moose":1,"mowziesmobs:naga":1}},"DataVersion":3465}