{"stats":{"minecraft:broken":{"minecraft:iron_boots":1,"minecraft:iron_chestplate":1,"minecraft:iron_leggings":1,"minecraft:stone_pickaxe":1,"minecraft:stone_axe":7,"minecraft:iron_sword":2,"minecraft:wooden_axe":1,"minecraft:stone_shovel":1,"minecraft:stone_hoe":1,"minecraft:iron_axe":1,"minecraft:iron_pickaxe":1,"minecraft:iron_helmet":2},"minecraft:custom":{"minecraft:interact_with_crafting_table":88,"minecraft:leave_game":11,"minecraft:time_since_death":3361,"minecraft:sprint_one_cm":1641107,"minecraft:damage_blocked_by_shield":3810,"minecraft:drop":100,"minecraft:play_time":475230,"minecraft:deaths":56,"minecraft:jump":10008,"minecraft:walk_on_water_one_cm":88300,"minecraft:interact_with_furnace":73,"minecraft:sleep_in_bed":8,"minecraft:damage_dealt":35863,"minecraft:player_kills":6,"minecraft:crouch_one_cm":41781,"minecraft:horse_one_cm":2079,"minecraft:mob_kills":187,"minecraft:walk_one_cm":1407444,"minecraft:sneak_time":15616,"minecraft:walk_under_water_one_cm":69660,"minecraft:boat_one_cm":254625,"minecraft:total_world_time":475230,"minecraft:time_since_rest":3386,"minecraft:damage_taken":18991,"minecraft:swim_one_cm":146639,"minecraft:fly_one_cm":1890827,"minecraft:open_chest":92,"minecraft:fall_one_cm":315026},"minecraft:dropped":{"minecraft:iron_sword":1,"alexsmobs:fish_bones":1,"minecraft:birch_planks":7,"minecraft:lapis_lazuli":2,"minecraft:cooked_beef":11,"minecraft:glow_ink_sac":6,"minecraft:crafting_table":1,"mowziesmobs:ice_crystal":1,"minecraft:dirt":2,"minecraft:raw_copper_block":1,"minecraft:snowball":7,"irons_spellbooks:arcane_essence":1,"minecraft:gold_ingot":4,"minecraft:bone":14,"minecraft:gravel":6,"minecraft:stone_axe":1,"alexsmobs:animal_dictionary":2,"minecraft:rotten_flesh":2,"minecraft:oak_planks":48,"minecraft:rabbit_hide":1,"minecraft:gunpowder":5,"minecraft:charcoal":2,"minecraft:arrow":1,"world:crystal_10":1,"minecraft:stone_hoe":1,"minecraft:bread":3,"minecraft:oak_slab":6,"minecraft:wheat_seeds":7,"minecraft:feather":15,"minecraft:copper_ingot":3,"minecraft:stick":5,"minecraft:wooden_hoe":1,"minecraft:wooden_axe":4,"minecraft:iron_leggings":2,"minecraft:iron_axe":2,"minecraft:pink_petals":9,"minecraft:dandelion":1,"minecraft:furnace":1,"minecraft:raw_iron":1,"minecraft:iron_boots":2,"minecraft:shield":1,"minecraft:iron_chestplate":2,"minecraft:oak_sapling":8,"minecraft:spider_eye":5,"minecraft:birch_boat":1,"minecraft:bow":1,"minecraft:stone_pickaxe":1,"minecraft:wooden_pickaxe":5,"minecraft:calcite":3},"minecraft:picked_up":{"minecraft:iron_chestplate":1,"minecraft:amethyst_block":10,"minecraft:string":19,"minecraft:raw_copper":3,"minecraft:iron_leggings":1,"irons_spellbooks:arcane_essence":39,"minecraft:cobbled_deepslate":169,"minecraft:calcite":3,"minecraft:iron_pickaxe":1,"alexsmobs:raccoon_tail":1,"minecraft:iron_boots":1,"minecraft:furnace":3,"minecraft:tipped_arrow":1,"minecraft:stick":32,"minecraft:torch":15,"minecraft:porkchop":5,"minecraft:cherry_log":313,"minecraft:diorite":84,"minecraft:rotten_flesh":87,"minecraft:end_rod":6,"minecraft:snowball":178,"minecraft:cobblestone":227,"minecraft:birch_log":3,"minecraft:pink_petals":465,"minecraft:feather":25,"minecraft:cooked_beef":1,"minecraft:cherry_planks":166,"minecraft:andesite":21,"alexsmobs:bison_fur":1,"minecraft:flint":2,"minecraft:cherry_door":4,"minecraft:map":1,"minecraft:lapis_lazuli":151,"minecraft:dirt":529,"minecraft:bone":39,"minecraft:bow":3,"minecraft:wheat_seeds":35,"minecraft:rabbit":1,"minecraft:oak_planks":33,"irons_spellbooks:frozen_bone":21,"minecraft:cooked_porkchop":2,"minecraft:grass_block":1,"alexsmobs:animal_dictionary":2,"world:oak":14,"minecraft:diamond":3,"alexsmobs:moose_ribs":1,"alexsmobs:maggot":10,"minecraft:oak_sapling":15,"minecraft:charcoal":2,"minecraft:crafting_table":15,"minecraft:chicken":11,"minecraft:brown_mushroom":6,"minecraft:wooden_pickaxe":2,"minecraft:shield":1,"minecraft:iron_axe":2,"minecraft:beef":13,"minecraft:chest":3,"minecraft:raw_copper_block":1,"minecraft:egg":5,"minecraft:raw_iron":54,"minecraft:cherry_stairs":26,"minecraft:redstone":33,"minecraft:arrow":39,"mowziesmobs:ice_crystal":2,"minecraft:oak_chest_boat":1,"minecraft:mutton":6,"minecraft:white_wool":5,"minecraft:glow_ink_sac":5,"minecraft:birch_planks":4,"minecraft:oak_log":21,"minecraft:gunpowder":10,"minecraft:paper":3,"minecraft:rabbit_hide":2,"minecraft:iron_ingot":2,"minecraft:cooked_chicken":2,"minecraft:iron_sword":2,"minecraft:book":5,"world:crystal_10":2,"minecraft:oak_slab":22,"minecraft:smooth_basalt":8,"minecraft:birch_boat":3,"alexsmobs:fish_bones":1,"minecraft:sweet_berries":8,"minecraft:dandelion":1,"minecraft:gravel":8,"minecraft:amethyst_shard":24,"minecraft:white_bed":16,"minecraft:spider_eye":12,"minecraft:oak_wood":3,"alexsmobs:raw_catfish":2,"minecraft:cherry_sapling":66,"minecraft:coal":41,"minecraft:ender_pearl":4,"minecraft:sunflower":5,"minecraft:wooden_axe":2},"minecraft:crafted":{"minecraft:oak_planks":96,"minecraft:birch_boat":1,"minecraft:cooked_chicken":6,"irons_spellbooks:divine_pearl":1,"minecraft:iron_boots":2,"minecraft:chest":1,"minecraft:stone_hoe":3,"minecraft:oak_slab":6,"minecraft:cooked_porkchop":3,"irons_spellbooks:shriving_stone":1,"minecraft:crafting_table":12,"minecraft:wooden_pickaxe":3,"minecraft:iron_helmet":2,"minecraft:copper_ingot":3,"minecraft:birch_planks":12,"minecraft:wooden_hoe":1,"minecraft:iron_chestplate":2,"minecraft:shield":1,"minecraft:stick":40,"minecraft:iron_ingot":76,"minecraft:iron_pickaxe":2,"minecraft:gold_ingot":9,"minecraft:cherry_planks":1144,"minecraft:oak_door":3,"minecraft:stone_shovel":2,"minecraft:furnace":4,"minecraft:iron_axe":1,"minecraft:cherry_stairs":296,"minecraft:stone_pickaxe":3,"minecraft:cooked_beef":40,"minecraft:iron_sword":1,"minecraft:stone_axe":9,"minecraft:bread":6,"minecraft:air":0,"minecraft:oak_boat":2,"minecraft:oak_chest_boat":1,"minecraft:wooden_axe":2,"minecraft:cherry_door":3,"minecraft:iron_leggings":2,"minecraft:white_bed":1,"minecraft:torch":8},"minecraft:mined":{"minecraft:white_bed":15,"minecraft:cherry_log":313,"minecraft:sculk_vein":6,"minecraft:budding_amethyst":3,"minecraft:grass_block":318,"world:oak":14,"minecraft:tall_seagrass":1,"minecraft:sculk_catalyst":1,"minecraft:iron_ore":30,"minecraft:cobbled_deepslate":4,"minecraft:deepslate_lapis_ore":4,"world:pfb_2":2,"minecraft:azure_bluet":1,"minecraft:sculk_shrieker":2,"minecraft:deepslate_redstone_ore":1,"minecraft:brown_mushroom":6,"minecraft:amethyst_cluster":7,"minecraft:powder_snow":83,"minecraft:torch":11,"minecraft:calcite":3,"minecraft:chest":3,"minecraft:cobblestone":46,"minecraft:oak_planks":9,"minecraft:wall_torch":4,"minecraft:amethyst_block":12,"minecraft:pink_petals":155,"minecraft:seagrass":3,"minecraft:birch_log":3,"minecraft:cherry_door":4,"minecraft:grass":159,"minecraft:oak_log":21,"minecraft:dirt":91,"minecraft:smooth_basalt":8,"minecraft:oak_leaves":42,"minecraft:deepslate":118,"world:rootssmall_1":1,"minecraft:deepslate_diamond_ore":1,"minecraft:cherry_sapling":1,"minecraft:redstone_wire":1,"minecraft:spruce_leaves":11,"minecraft:furnace":3,"minecraft:snow":1,"minecraft:andesite":21,"minecraft:deepslate_iron_ore":23,"minecraft:stone":202,"world:leavesoak":1,"minecraft:cherry_stairs":25,"world:plantforestbig_2":2,"minecraft:oak_slab":18,"world:plantforestbig_1":2,"minecraft:cherry_planks":164,"minecraft:snow_block":4,"minecraft:dandelion":1,"minecraft:crafting_table":15,"minecraft:oak_wood":3,"minecraft:sculk_sensor":3,"minecraft:campfire":1,"minecraft:tall_grass":42,"minecraft:copper_ore":1,"minecraft:lapis_ore":8,"minecraft:sculk":131,"minecraft:diorite":51,"minecraft:sweet_berry_bush":1,"minecraft:ice":1,"minecraft:birch_leaves":1,"minecraft:bee_nest":1,"minecraft:coal_ore":40,"minecraft:cherry_leaves":67,"minecraft:end_rod":5,"minecraft:sunflower":9,"minecraft:gravel":8},"minecraft:used":{"minecraft:cherry_sapling":63,"minecraft:iron_shovel":133,"minecraft:chest":3,"minecraft:shield":170,"minecraft:iron_sword":352,"minecraft:rotten_flesh":57,"minecraft:iron_chestplate":1,"minecraft:mutton":1,"minecraft:snowball":139,"minecraft:bow":1,"minecraft:sweet_berries":8,"minecraft:furnace":6,"minecraft:egg":5,"minecraft:oak_chest_boat":1,"alexsmobs:raw_catfish":2,"minecraft:end_rod":5,"minecraft:diorite":56,"minecraft:stone_pickaxe":179,"minecraft:oak_planks":120,"minecraft:ender_pearl":2,"minecraft:wooden_pickaxe":27,"minecraft:bread":3,"minecraft:gravel":1,"minecraft:andesite":2,"minecraft:oak_boat":1,"minecraft:stone_shovel":250,"minecraft:redstone":1,"minecraft:stone_hoe":187,"minecraft:cooked_chicken":7,"minecraft:oak_door":3,"minecraft:torch":23,"minecraft:dirt":396,"alexsmobs:moose_ribs":1,"minecraft:wooden_axe":41,"alexsmobs:maggot":9,"minecraft:iron_axe":188,"minecraft:beef":2,"minecraft:cooked_beef":30,"minecraft:cobbled_deepslate":103,"minecraft:cherry_log":27,"minecraft:rabbit":1,"minecraft:birch_boat":3,"minecraft:cherry_planks":813,"minecraft:oak_slab":22,"minecraft:crafting_table":26,"minecraft:white_bed":17,"minecraft:wooden_hoe":4,"minecraft:cherry_door":7,"minecraft:chicken":5,"minecraft:iron_pickaxe":412,"minecraft:map":1,"minecraft:stone_axe":793,"minecraft:cobblestone":134,"minecraft:cherry_stairs":314,"minecraft:cooked_porkchop":5,"minecraft:porkchop":5},"minecraft:killed":{"alexsmobs:hummingbird":1,"minecraft:spider":19,"alexsmobs:snow_leopard":3,"mowziesmobs:frostmaw":1,"world:dryad":3,"minecraft:skeleton":24,"minecraft:chicken":11,"alexsmobs:skelewag":3,"irons_spellbooks:summoned_skeleton":5,"minecraft:pig":1,"alexsmobs:seal":1,"irons_spellbooks:necromancer":7,"minecraft:creeper":4,"minecraft:sheep":4,"minecraft:goat":1,"minecraft:zombie":53,"minecraft:stray":5,"alexsmobs:fly":5,"irons_spellbooks:summoned_zombie":4,"alexsmobs:tiger":1,"alexsmobs:raccoon":3,"alexsmobs:seagull":1,"alexsmobs:comb_jelly":1,"alexsmobs:bison":2,"alexsmobs:tusklin":2,"world:goblin":6,"minecraft:rabbit":1,"alexsmobs:catfish":1,"alexsmobs:moose":1,"minecraft:enderman":4},"minecraft:killed_by":{"mowziesmobs:naga":1,"minecraft:creeper":2,"alexsmobs:tusklin":1,"minecraft:zombie":5,"mowziesmobs:frostmaw":2,"world:dryad":1,"minecraft:player":3,"irons_spellbooks:summoned_skeleton":1,"minecraft:spider":2,"minecraft:enderman":1,"alexsmobs:bison":6,"alexsmobs:tiger":2,"irons_spellbooks:necromancer":10,"minecraft:skeleton":6,"alexsmobs:moose":1}},"DataVersion":3465}