{"stats":{"minecraft:picked_up":{"minecraft:wooden_axe":2,"minecraft:crafting_table":2,"minecraft:iron_chestplate":1,"minecraft:chicken":5,"minecraft:brown_mushroom":3,"minecraft:wooden_pickaxe":1,"minecraft:shield":1,"alexsmobs:cooked_catfish":15,"minecraft:string":28,"minecraft:iron_axe":1,"minecraft:iron_leggings":1,"minecraft:spruce_planks":79,"minecraft:beef":6,"minecraft:iron_pickaxe":1,"minecraft:light_gray_wool":2,"minecraft:furnace":6,"minecraft:iron_boots":1,"minecraft:egg":3,"minecraft:stick":46,"minecraft:raw_iron":39,"minecraft:sandstone":14,"minecraft:oak_door":2,"minecraft:torch":58,"minecraft:porkchop":5,"minecraft:diorite":54,"minecraft:arrow":8,"minecraft:rotten_flesh":11,"minecraft:stone_shovel":1,"minecraft:mutton":1,"alexsmobs:flying_fish":12,"minecraft:white_wool":4,"minecraft:cobblestone":283,"minecraft:oxeye_daisy":3,"minecraft:magma_block":5,"minecraft:feather":6,"minecraft:andesite":4,"minecraft:leather":1,"minecraft:potato":1,"minecraft:flint":2,"minecraft:light_gray_dye":1,"minecraft:oak_log":78,"minecraft:lily_pad":42,"minecraft:gunpowder":2,"minecraft:lapis_lazuli":6,"minecraft:dirt":126,"minecraft:bone":13,"minecraft:apple":8,"minecraft:wheat_seeds":5,"minecraft:raw_gold":1,"minecraft:stone_pickaxe":5,"minecraft:iron_ingot":5,"minecraft:oak_planks":64,"minecraft:cooked_porkchop":1,"minecraft:sweet_berries":35,"minecraft:gravel":50,"minecraft:spruce_sapling":1,"minecraft:spruce_log":29,"alexsmobs:animal_dictionary":1,"minecraft:spider_eye":6,"alexsmobs:raw_catfish":72,"minecraft:spruce_boat":6,"minecraft:stone_axe":8,"minecraft:iron_helmet":1,"minecraft:granite":12,"minecraft:oak_sapling":56,"minecraft:black_wool":2,"minecraft:coal":33},"minecraft:used":{"minecraft:stone_sword":28,"minecraft:stone_shovel":129,"minecraft:chest":3,"minecraft:shield":11,"minecraft:oak_door":2,"minecraft:iron_chestplate":1,"minecraft:torch":55,"minecraft:dirt":8,"minecraft:granite":3,"minecraft:spruce_boat":6,"minecraft:iron_axe":48,"minecraft:iron_helmet":1,"minecraft:bow":6,"minecraft:sweet_berries":40,"minecraft:oak_sapling":2,"minecraft:furnace":5,"minecraft:egg":3,"minecraft:potato":1,"minecraft:iron_leggings":1,"alexsmobs:raw_catfish":4,"alexsmobs:cooked_catfish":39,"minecraft:diorite":3,"minecraft:stone_pickaxe":242,"minecraft:oak_planks":4,"alexsmobs:flying_fish_boots":1,"minecraft:wooden_pickaxe":6,"minecraft:crafting_table":5,"minecraft:spider_eye":2,"minecraft:white_bed":1,"minecraft:black_wool":1,"minecraft:apple":8,"minecraft:chicken":1,"minecraft:string":2,"minecraft:iron_pickaxe":131,"minecraft:stone_axe":317,"minecraft:cobblestone":69,"minecraft:porkchop":2,"minecraft:cooked_porkchop":4,"minecraft:andesite":2,"alexsmobs:animal_dictionary":2},"minecraft:killed":{"minecraft:cave_spider":5,"minecraft:witch":1,"alexsmobs:raccoon":2,"minecraft:spider":5,"minecraft:skeleton":10,"minecraft:chicken":5,"alexsmobs:flying_fish":6,"minecraft:pig":3,"alexsmobs:seal":1,"minecraft:frog":4,"minecraft:creeper":1,"minecraft:sheep":1,"alexsmobs:catfish":35,"minecraft:zombie":11,"alexsmobs:cockroach":1,"alexsmobs:fly":1,"alexsmobs:crow":2,"minecraft:cow":4},"minecraft:killed_by":{"minecraft:player":1,"minecraft:cave_spider":1,"minecraft:skeleton":2},"minecraft:broken":{"minecraft:stone_pickaxe":1,"minecraft:stone_axe":4,"minecraft:stone_shovel":1},"minecraft:custom":{"minecraft:mob_kills":102,"minecraft:interact_with_crafting_table":58,"minecraft:leave_game":4,"minecraft:time_since_death":1963,"minecraft:climb_one_cm":10546,"minecraft:sprint_one_cm":610917,"minecraft:walk_one_cm":295993,"minecraft:damage_blocked_by_shield":100,"minecraft:drop":75,"minecraft:play_time":176326,"minecraft:sneak_time":3751,"minecraft:deaths":5,"minecraft:walk_under_water_one_cm":92197,"minecraft:boat_one_cm":190097,"minecraft:jump":2832,"minecraft:walk_on_water_one_cm":79836,"minecraft:total_world_time":176326,"minecraft:interact_with_furnace":63,"minecraft:sleep_in_bed":2,"minecraft:time_since_rest":1988,"minecraft:damage_taken":3486,"minecraft:damage_dealt":15022,"minecraft:player_kills":3,"minecraft:swim_one_cm":266639,"minecraft:fly_one_cm":469128,"minecraft:open_chest":22,"minecraft:crouch_one_cm":6074,"minecraft:fall_one_cm":73164},"minecraft:dropped":{"minecraft:brown_mushroom":3,"minecraft:cooked_porkchop":2,"minecraft:cobblestone":32,"minecraft:granite":3,"minecraft:diorite":7,"minecraft:torch":1,"minecraft:wooden_axe":2,"alexsmobs:flying_fish":8,"alexsmobs:cooked_catfish":19,"minecraft:lily_pad":34,"minecraft:stone_axe":5,"minecraft:sweet_berries":3,"alexsmobs:animal_dictionary":1,"minecraft:raw_iron":2,"minecraft:rotten_flesh":5,"minecraft:spruce_planks":9,"minecraft:oak_sapling":1,"minecraft:spider_eye":3,"minecraft:spruce_log":13,"minecraft:stone_pickaxe":1},"minecraft:mined":{"minecraft:spruce_planks":2,"minecraft:oak_sapling":2,"minecraft:oak_door":1,"minecraft:granite":4,"minecraft:grass_block":20,"minecraft:spruce_leaves":14,"minecraft:oxeye_daisy":3,"minecraft:sandstone":17,"minecraft:spawner":1,"minecraft:large_fern":1,"minecraft:tall_seagrass":7,"minecraft:magma_block":5,"minecraft:furnace":3,"minecraft:iron_ore":40,"minecraft:andesite":2,"minecraft:vine":3,"minecraft:stone":194,"minecraft:tripwire":2,"minecraft:crafting_table":3,"minecraft:torch":3,"minecraft:tall_grass":2,"minecraft:cobblestone":20,"minecraft:lily_pad":8,"minecraft:oak_planks":1,"minecraft:diorite":35,"minecraft:wall_torch":2,"minecraft:seagrass":1,"minecraft:sweet_berry_bush":14,"minecraft:spruce_log":16,"minecraft:birch_leaves":1,"minecraft:grass":56,"minecraft:oak_log":77,"minecraft:coal_ore":37,"minecraft:gravel":59,"minecraft:dirt":82,"minecraft:cobweb":17,"minecraft:gold_ore":1,"minecraft:oak_leaves":11},"minecraft:crafted":{"minecraft:oak_door":3,"minecraft:oak_planks":312,"minecraft:stone_shovel":1,"minecraft:cooked_chicken":4,"minecraft:furnace":1,"minecraft:light_gray_wool":2,"minecraft:bow":1,"minecraft:iron_boots":1,"minecraft:iron_axe":1,"minecraft:stone_pickaxe":2,"minecraft:chest":3,"minecraft:spruce_boat":2,"alexsmobs:cooked_catfish":62,"alexsmobs:flying_fish_boots":2,"minecraft:cooked_porkchop":6,"minecraft:crafting_table":4,"minecraft:spruce_planks":64,"minecraft:wooden_pickaxe":1,"minecraft:iron_helmet":1,"minecraft:stone_axe":4,"minecraft:air":0,"minecraft:iron_chestplate":1,"minecraft:charcoal":8,"minecraft:shield":1,"minecraft:stick":28,"minecraft:iron_ingot":27,"minecraft:iron_pickaxe":1,"minecraft:wooden_axe":1,"minecraft:stone_sword":1,"minecraft:iron_leggings":1,"minecraft:light_gray_dye":3,"minecraft:white_bed":1,"minecraft:torch":32}},"DataVersion":3465}