{"stats":{"minecraft:killed_by":{"alexsmobs:bison":2},"minecraft:used":{"alexsmobs:raw_catfish":2,"minecraft:rabbit":1,"minecraft:stone_pickaxe":55,"minecraft:oak_planks":5,"minecraft:wooden_pickaxe":6,"minecraft:cooked_chicken":3,"minecraft:rotten_flesh":2,"minecraft:torch":10,"minecraft:dirt":14,"minecraft:crafting_table":6,"minecraft:wooden_axe":9,"minecraft:chicken":3,"minecraft:stone_axe":52,"minecraft:furnace":1,"minecraft:egg":1},"minecraft:picked_up":{"minecraft:crafting_table":5,"minecraft:feather":6,"minecraft:chicken":7,"minecraft:oak_log":17,"minecraft:dirt":15,"minecraft:rabbit_hide":1,"minecraft:rabbit":1,"minecraft:oak_planks":1,"minecraft:egg":2,"minecraft:furnace":1,"minecraft:torch":3,"minecraft:porkchop":2,"world:oak":14,"minecraft:oak_wood":3,"alexsmobs:raw_catfish":2,"minecraft:rotten_flesh":2,"minecraft:end_rod":1,"minecraft:mutton":5,"minecraft:coal":40,"minecraft:cobblestone":19,"minecraft:white_wool":3,"minecraft:ender_pearl":1},"minecraft:crafted":{"minecraft:oak_planks":80,"minecraft:crafting_table":3,"minecraft:wooden_pickaxe":1,"minecraft:cooked_chicken":3,"minecraft:furnace":1,"minecraft:stone_axe":1,"minecraft:air":0,"minecraft:stick":12,"minecraft:stone_pickaxe":1,"minecraft:wooden_axe":1,"minecraft:torch":8},"minecraft:custom":{"minecraft:interact_with_furnace":5,"minecraft:mob_kills":14,"minecraft:interact_with_crafting_table":8,"minecraft:leave_game":1,"minecraft:time_since_death":5141,"minecraft:time_since_rest":5172,"minecraft:sprint_one_cm":178292,"minecraft:damage_taken":1070,"minecraft:walk_one_cm":99615,"minecraft:damage_dealt":1225,"minecraft:swim_one_cm":12542,"minecraft:fly_one_cm":186882,"minecraft:crouch_one_cm":2024,"minecraft:play_time":36425,"minecraft:deaths":3,"minecraft:sneak_time":619,"minecraft:walk_under_water_one_cm":7339,"minecraft:jump":937,"minecraft:walk_on_water_one_cm":8527,"minecraft:total_world_time":36425,"minecraft:fall_one_cm":30672,"minecraft:horse_one_cm":2079},"minecraft:killed":{"minecraft:pig":1,"minecraft:rabbit":1,"minecraft:sheep":3,"alexsmobs:catfish":1,"minecraft:chicken":7,"minecraft:enderman":1},"minecraft:mined":{"world:plantforestbig_2":2,"world:plantforestbig_1":2,"minecraft:crafting_table":5,"minecraft:torch":1,"minecraft:grass_block":12,"minecraft:oak_wood":3,"minecraft:tall_grass":1,"world:oak":14,"minecraft:oak_planks":1,"minecraft:wall_torch":3,"minecraft:furnace":1,"minecraft:bee_nest":1,"world:pfb_2":2,"minecraft:grass":7,"minecraft:coal_ore":40,"minecraft:oak_log":17,"minecraft:end_rod":1,"minecraft:dirt":6,"minecraft:stone":20,"world:leavesoak":1,"minecraft:oak_leaves":3}},"DataVersion":3465}