{"stats":{"minecraft:picked_up":{"minecraft:wooden_axe":4,"irons_spellbooks:scroll":1,"minecraft:iron_chestplate":20,"minecraft:wheat":90,"irons_spellbooks:amethyst_resonance_charm":5,"minecraft:nether_brick":10,"minecraft:amethyst_block":32,"mowziesmobs:spear":1,"minecraft:string":104,"minecraft:soul_soil":2,"minecraft:raw_copper":78,"irons_spellbooks:graybeard_staff":4,"minecraft:iron_leggings":15,"irons_spellbooks:arcane_essence":5,"minecraft:gold_nugget":46,"minecraft:cobbled_deepslate":39,"minecraft:bucket":3,"minecraft:spruce_planks":81,"minecraft:cobblestone_slab":179,"minecraft:iron_pickaxe":36,"alexsmobs:raccoon_tail":1,"minecraft:furnace":6,"minecraft:iron_boots":20,"minecraft:stick":406,"minecraft:oak_fence":2,"minecraft:torch":71,"minecraft:porkchop":13,"minecraft:pointed_dripstone":2,"minecraft:diorite":57,"minecraft:stone_sword":5,"minecraft:rotten_flesh":36,"alexsmobs:flying_fish_boots":10,"minecraft:cod":17,"irons_spellbooks:copper_spell_book":5,"alexsmobs:lobster_tail":33,"alexsmobs:flying_fish":22,"minecraft:cobblestone":1368,"minecraft:magma_block":9,"minecraft:feather":15,"minecraft:cooked_beef":8,"minecraft:water_bucket":7,"minecraft:andesite":9,"alexsmobs:bison_fur":4,"minecraft:potato":1,"alexsmobs:bear_fur":4,"minecraft:flint":5,"minecraft:light_gray_dye":1,"minecraft:lapis_lazuli":84,"minecraft:dirt":472,"minecraft:bone":32,"minecraft:wheat_seeds":402,"minecraft:raw_gold":1,"minecraft:glowstone_dust":32,"minecraft:oak_planks":372,"minecraft:cooked_porkchop":1,"securitycraft:dirt_mine":1,"minecraft:sand":93,"alexsmobs:animal_dictionary":1,"minecraft:diamond":6,"minecraft:spruce_boat":6,"minecraft:granite":48,"minecraft:grass":17,"minecraft:bone_meal":8,"minecraft:golden_horse_armor":1,"minecraft:bread":18,"alexsmobs:maggot":3,"minecraft:oak_sapling":89,"minecraft:netherrack":95,"minecraft:oak_leaves":501,"minecraft:crafting_table":4,"minecraft:chicken":10,"minecraft:chest_minecart":2,"irons_spellbooks:tarnished_helmet":1,"minecraft:brown_mushroom":3,"minecraft:wooden_pickaxe":8,"minecraft:pink_wool":3,"minecraft:chain":2,"minecraft:shield":21,"alexsmobs:cooked_catfish":18,"minecraft:oak_trapdoor":48,"minecraft:flint_and_steel":2,"minecraft:iron_axe":9,"minecraft:iron_shovel":8,"minecraft:beef":8,"minecraft:oak_boat":5,"minecraft:iron_nugget":7,"minecraft:light_gray_wool":11,"minecraft:chest":3,"alexsmobs:cooked_lobster_tail":13,"minecraft:sugar_cane":24,"minecraft:egg":11,"minecraft:raw_iron":291,"minecraft:sandstone":14,"minecraft:oak_door":10,"minecraft:copper_ingot":15,"alexsmobs:straddlite":1,"minecraft:tnt":3,"minecraft:stone_shovel":1,"minecraft:arrow":41,"minecraft:shears":3,"minecraft:gold_ingot":9,"minecraft:mutton":5,"minecraft:bone_block":1,"minecraft:rail":11,"minecraft:white_wool":10,"minecraft:oxeye_daisy":3,"minecraft:birch_leaves":68,"minecraft:basalt":69,"minecraft:glow_ink_sac":3,"minecraft:leather":22,"minecraft:oak_log":234,"minecraft:lily_pad":138,"minecraft:golden_boots":2,"minecraft:nether_wart_block":2,"minecraft:gunpowder":13,"minecraft:cobblestone_stairs":1,"minecraft:wooden_hoe":2,"minecraft:apple":8,"minecraft:kelp":8,"minecraft:iron_ingot":44,"minecraft:stone_pickaxe":15,"minecraft:cooked_chicken":1,"minecraft:glass_bottle":1,"mowziesmobs:thatch_block":3,"minecraft:iron_sword":9,"minecraft:soul_sand":4,"minecraft:book":8,"minecraft:pink_bed":1,"minecraft:birch_boat":2,"minecraft:sweet_berries":35,"minecraft:quartz":16,"minecraft:dripstone_block":5,"minecraft:gravel":58,"minecraft:lava_bucket":2,"minecraft:amethyst_shard":4,"minecraft:spruce_sapling":1,"minecraft:spruce_log":29,"minecraft:spider_eye":15,"alexsmobs:raw_catfish":108,"minecraft:stone_axe":15,"minecraft:iron_helmet":14,"minecraft:black_wool":2,"minecraft:coal":100,"minecraft:hopper":1,"minecraft:ender_pearl":1},"minecraft:used":{"minecraft:iron_shovel":248,"minecraft:chest":5,"minecraft:shield":63,"minecraft:iron_sword":172,"minecraft:rotten_flesh":6,"minecraft:iron_chestplate":7,"minecraft:soul_sand":2,"minecraft:mutton":4,"minecraft:obsidian":5,"minecraft:spruce_boat":6,"minecraft:glass":1,"minecraft:lava_bucket":4,"alexsmobs:lobster_tail":1,"alexsmobs:cooked_lobster_tail":17,"minecraft:iron_helmet":5,"mowziesmobs:spear":72,"minecraft:magma_block":4,"minecraft:bow":6,"minecraft:sweet_berries":40,"minecraft:cooked_cod":7,"minecraft:oak_sapling":6,"minecraft:furnace":5,"minecraft:egg":10,"minecraft:potato":1,"minecraft:golden_boots":3,"alexsmobs:raw_catfish":25,"minecraft:diorite":7,"minecraft:birch_leaves":68,"minecraft:oak_planks":239,"minecraft:stone_pickaxe":513,"alexsmobs:flying_fish_boots":3,"minecraft:wooden_pickaxe":23,"irons_spellbooks:tarnished_helmet":1,"minecraft:sugar_cane":22,"minecraft:oak_leaves":364,"minecraft:glow_berries":4,"minecraft:sand":8,"minecraft:shears":476,"minecraft:string":2,"minecraft:bread":20,"minecraft:gravel":5,"minecraft:andesite":14,"minecraft:oak_boat":5,"minecraft:bone_meal":65,"minecraft:oak_fence":18,"minecraft:oak_trapdoor":68,"minecraft:stone_sword":82,"minecraft:stone_shovel":129,"minecraft:cooked_chicken":3,"minecraft:netherrack":95,"minecraft:oak_door":6,"minecraft:torch":87,"minecraft:dirt":295,"minecraft:hopper":4,"minecraft:granite":20,"alexsmobs:maggot":3,"minecraft:iron_axe":261,"minecraft:iron_boots":6,"minecraft:light_gray_wool":3,"minecraft:basalt":68,"securitycraft:sand_mine":1,"minecraft:soul_soil":1,"securitycraft:dirt_mine":2,"minecraft:cooked_beef":7,"minecraft:cobbled_deepslate":7,"minecraft:iron_leggings":6,"minecraft:wheat_seeds":135,"alexsmobs:cooked_catfish":41,"minecraft:water_bucket":123,"minecraft:amethyst_block":4,"minecraft:cobblestone_stairs":5,"minecraft:cobblestone_slab":164,"minecraft:rail":2,"minecraft:tnt":4,"minecraft:crafting_table":12,"minecraft:spider_eye":2,"mowziesmobs:thatch_block":1,"minecraft:white_bed":1,"minecraft:cod":4,"minecraft:wooden_hoe":57,"minecraft:black_wool":1,"minecraft:apple":8,"minecraft:chicken":5,"minecraft:iron_pickaxe":1279,"minecraft:pink_bed":2,"minecraft:stone_axe":444,"minecraft:cobblestone":788,"minecraft:porkchop":8,"minecraft:cooked_porkchop":4,"minecraft:bucket":131,"alexsmobs:animal_dictionary":2},"minecraft:killed":{"minecraft:cave_spider":6,"alexsmobs:lobster":30,"minecraft:witch":2,"minecraft:zombified_piglin":2,"minecraft:spider":15,"minecraft:cod":16,"minecraft:dolphin":1,"minecraft:skeleton":18,"minecraft:chicken":10,"alexsmobs:straddler":1,"alexsmobs:skelewag":1,"minecraft:piglin":1,"minecraft:pig":6,"alexsmobs:grizzly_bear":2,"alexsmobs:seal":1,"minecraft:creeper":3,"minecraft:sheep":3,"minecraft:zombie":20,"alexsmobs:terrapin":2,"alexsmobs:fly":2,"minecraft:cow":5,"minecraft:blaze":1,"alexsmobs:raccoon":4,"alexsmobs:seagull":2,"minecraft:slime":1,"alexsmobs:frilled_shark":2,"alexsmobs:flying_fish":10,"mowziesmobs:grottol":1,"minecraft:frog":4,"alexsmobs:catfish":42,"alexsmobs:cockroach":1,"alexsmobs:crow":2,"minecraft:wither_skeleton":1,"minecraft:enderman":1},"minecraft:killed_by":{"minecraft:zombified_piglin":1,"minecraft:creeper":1,"alexsmobs:straddler":1,"alexsmobs:cachalot_whale":2,"minecraft:piglin":2,"minecraft:cave_spider":1,"alexsmobs:grizzly_bear":1,"alexsmobs:giant_squid":1,"minecraft:player":5,"minecraft:spider":1,"minecraft:enderman":1,"alexsmobs:bison":1,"minecraft:skeleton":4},"minecraft:broken":{"minecraft:shears":2,"minecraft:stone_pickaxe":2,"minecraft:stone_axe":5,"minecraft:iron_sword":1,"minecraft:stone_shovel":1,"minecraft:shield":1,"mowziesmobs:spear":1,"minecraft:iron_pickaxe":4},"minecraft:custom":{"minecraft:animals_bred":9,"minecraft:interact_with_crafting_table":228,"minecraft:leave_game":8,"minecraft:time_since_death":11065,"minecraft:sprint_one_cm":1979777,"minecraft:damage_blocked_by_shield":1840,"minecraft:drop":126,"minecraft:talked_to_villager":1,"minecraft:play_time":649124,"minecraft:deaths":32,"minecraft:jump":9447,"minecraft:walk_on_water_one_cm":288124,"minecraft:enchant_item":2,"minecraft:interact_with_furnace":164,"minecraft:sleep_in_bed":14,"minecraft:damage_dealt":32739,"minecraft:player_kills":7,"minecraft:crouch_one_cm":89387,"minecraft:mob_kills":225,"minecraft:inspect_hopper":7,"minecraft:climb_one_cm":14269,"minecraft:walk_one_cm":1370792,"minecraft:sneak_time":29731,"minecraft:walk_under_water_one_cm":443048,"minecraft:boat_one_cm":802099,"minecraft:total_world_time":649124,"minecraft:time_since_rest":11104,"minecraft:damage_taken":13323,"minecraft:swim_one_cm":754996,"minecraft:fly_one_cm":1879501,"minecraft:open_chest":326,"minecraft:fall_one_cm":216414},"minecraft:dropped":{"minecraft:iron_sword":1,"minecraft:brown_mushroom":3,"minecraft:diamond":2,"minecraft:cooked_porkchop":2,"irons_spellbooks:tarnished_helmet":1,"alexsmobs:flying_fish_boots":2,"minecraft:cod":1,"alexsmobs:flying_fish":8,"irons_spellbooks:arcane_essence":4,"alexsmobs:cooked_catfish":19,"minecraft:iron_pickaxe":1,"minecraft:gold_ingot":4,"minecraft:stone_axe":5,"alexsmobs:animal_dictionary":1,"minecraft:rotten_flesh":5,"minecraft:oak_planks":11,"minecraft:bread":5,"minecraft:wheat_seeds":1,"minecraft:cobblestone":34,"minecraft:book":10,"minecraft:granite":3,"minecraft:stick":3,"minecraft:lava_bucket":2,"irons_spellbooks:scroll":1,"minecraft:diorite":11,"minecraft:torch":1,"minecraft:wooden_axe":2,"minecraft:iron_leggings":1,"minecraft:lily_pad":43,"minecraft:kelp":4,"minecraft:sweet_berries":3,"minecraft:stone_sword":1,"minecraft:raw_iron":2,"irons_spellbooks:graybeard_staff":1,"minecraft:iron_boots":1,"minecraft:shield":2,"minecraft:spruce_planks":9,"minecraft:iron_chestplate":1,"minecraft:oak_sapling":4,"minecraft:spider_eye":4,"minecraft:spruce_log":13,"minecraft:stone_pickaxe":2},"minecraft:mined":{"minecraft:large_amethyst_bud":3,"minecraft:spruce_planks":2,"minecraft:oak_sapling":3,"minecraft:pink_bed":1,"minecraft:cobblestone_stairs":1,"minecraft:granite":24,"minecraft:budding_amethyst":4,"minecraft:grass_block":201,"minecraft:soul_soil":1,"minecraft:oxeye_daisy":3,"minecraft:spawner":2,"minecraft:tall_seagrass":13,"minecraft:magma_block":12,"minecraft:glowstone":11,"minecraft:iron_ore":145,"minecraft:fire":8,"minecraft:tripwire":2,"minecraft:kelp_plant":2,"minecraft:medium_amethyst_bud":2,"minecraft:soul_fire":2,"minecraft:amethyst_cluster":1,"minecraft:torch":3,"minecraft:nether_quartz_ore":16,"minecraft:cobblestone":151,"minecraft:sugar_cane":14,"minecraft:oak_planks":12,"minecraft:wall_torch":2,"minecraft:amethyst_block":18,"minecraft:seagrass":8,"mowziesmobs:thatch_block":1,"minecraft:chain":1,"minecraft:nether_wart_block":1,"minecraft:wheat":94,"minecraft:light_gray_wool":2,"minecraft:tnt":2,"minecraft:grass":128,"minecraft:oak_log":238,"minecraft:sand":29,"minecraft:dirt":198,"minecraft:netherrack":97,"minecraft:oak_leaves":512,"minecraft:deepslate":7,"minecraft:nether_gold_ore":10,"minecraft:deepslate_diamond_ore":2,"minecraft:oak_door":5,"minecraft:spruce_leaves":14,"minecraft:kelp":1,"minecraft:sandstone":17,"minecraft:large_fern":1,"minecraft:oak_trapdoor":4,"minecraft:furnace":3,"minecraft:andesite":4,"minecraft:deepslate_iron_ore":12,"minecraft:cobblestone_slab":74,"minecraft:vine":3,"minecraft:rail":7,"minecraft:stone":950,"minecraft:bone_block":1,"minecraft:soul_sand":2,"minecraft:basalt":80,"minecraft:crafting_table":5,"minecraft:tall_grass":16,"minecraft:copper_ore":8,"minecraft:lily_pad":24,"minecraft:diorite":40,"minecraft:sweet_berry_bush":14,"minecraft:spruce_log":16,"minecraft:birch_leaves":72,"minecraft:bee_nest":3,"securitycraft:dirt_mine":1,"minecraft:coal_ore":50,"minecraft:gravel":66,"minecraft:dripstone_block":2,"minecraft:cobweb":18,"minecraft:gold_ore":1},"minecraft:crafted":{"securitycraft:mine":3,"minecraft:oak_planks":924,"minecraft:cobblestone_slab":126,"minecraft:pink_bed":1,"minecraft:cooked_chicken":6,"minecraft:chain":1,"minecraft:cobblestone_stairs":4,"minecraft:glass":1,"minecraft:hopper":4,"minecraft:bow":1,"minecraft:iron_boots":5,"minecraft:chest":9,"alexsmobs:cooked_catfish":62,"minecraft:oak_fence":15,"minecraft:golden_boots":1,"minecraft:wooden_shovel":2,"securitycraft:sand_mine":1,"irons_spellbooks:copper_spell_book":1,"minecraft:cooked_porkchop":6,"minecraft:crafting_table":7,"minecraft:spruce_planks":64,"minecraft:wooden_pickaxe":2,"minecraft:iron_helmet":5,"minecraft:copper_ingot":17,"minecraft:tnt":2,"minecraft:iron_chestplate":4,"minecraft:book":5,"minecraft:wooden_hoe":1,"minecraft:paper":21,"minecraft:charcoal":13,"minecraft:pink_wool":3,"minecraft:shield":5,"minecraft:stick":64,"minecraft:iron_ingot":158,"minecraft:iron_pickaxe":7,"minecraft:stone_sword":2,"minecraft:gold_ingot":24,"minecraft:light_gray_dye":3,"irons_spellbooks:amethyst_resonance_charm":1,"minecraft:shears":3,"minecraft:oak_door":3,"minecraft:stone_shovel":1,"minecraft:iron_nugget":9,"minecraft:furnace":1,"minecraft:light_gray_wool":2,"minecraft:bone_meal":72,"irons_spellbooks:graybeard_staff":2,"minecraft:pink_dye":3,"minecraft:oak_trapdoor":86,"minecraft:iron_axe":2,"minecraft:stone_pickaxe":5,"minecraft:spruce_boat":2,"mowziesmobs:spear":1,"alexsmobs:flying_fish_boots":5,"minecraft:sugar":1,"minecraft:cooked_cod":7,"alexsmobs:cooked_lobster_tail":16,"minecraft:iron_sword":1,"minecraft:bucket":4,"securitycraft:cobblestone_mine":1,"minecraft:stone_axe":8,"minecraft:air":0,"minecraft:bread":29,"securitycraft:dirt_mine":1,"minecraft:oak_boat":5,"minecraft:wooden_axe":1,"minecraft:iron_shovel":1,"minecraft:iron_leggings":4,"mowziesmobs:thatch_block":1,"minecraft:white_bed":1,"minecraft:torch":60}},"DataVersion":3465}