{"stats":{"minecraft:picked_up":{"minecraft:wooden_axe":2,"minecraft:crafting_table":3,"minecraft:iron_chestplate":11,"minecraft:wheat":20,"irons_spellbooks:tarnished_helmet":1,"minecraft:chicken":5,"minecraft:brown_mushroom":3,"minecraft:wooden_pickaxe":1,"minecraft:pink_wool":3,"minecraft:shield":14,"alexsmobs:cooked_catfish":18,"minecraft:string":75,"irons_spellbooks:graybeard_staff":1,"minecraft:iron_axe":4,"minecraft:iron_leggings":7,"minecraft:iron_shovel":6,"irons_spellbooks:arcane_essence":5,"minecraft:cobbled_deepslate":24,"minecraft:spruce_planks":81,"minecraft:beef":8,"minecraft:oak_boat":1,"alexsmobs:raccoon_tail":1,"minecraft:iron_pickaxe":19,"minecraft:light_gray_wool":11,"minecraft:furnace":6,"minecraft:iron_boots":12,"minecraft:egg":3,"minecraft:stick":349,"minecraft:raw_iron":139,"minecraft:sandstone":14,"minecraft:oak_door":6,"minecraft:oak_fence":2,"minecraft:torch":60,"minecraft:porkchop":13,"minecraft:pointed_dripstone":2,"minecraft:diorite":54,"minecraft:stone_sword":2,"minecraft:arrow":21,"minecraft:rotten_flesh":20,"minecraft:stone_shovel":1,"alexsmobs:flying_fish_boots":3,"minecraft:cod":6,"alexsmobs:lobster_tail":7,"minecraft:mutton":5,"minecraft:rail":2,"alexsmobs:flying_fish":16,"minecraft:white_wool":10,"minecraft:cobblestone":363,"minecraft:oxeye_daisy":3,"minecraft:magma_block":5,"minecraft:feather":6,"minecraft:andesite":4,"minecraft:leather":17,"minecraft:potato":1,"alexsmobs:bear_fur":4,"minecraft:flint":2,"minecraft:light_gray_dye":1,"minecraft:oak_log":82,"minecraft:lily_pad":93,"minecraft:gunpowder":6,"minecraft:wooden_hoe":2,"minecraft:lapis_lazuli":6,"minecraft:dirt":197,"minecraft:bone":19,"minecraft:apple":8,"minecraft:wheat_seeds":60,"minecraft:raw_gold":1,"minecraft:stone_pickaxe":11,"minecraft:iron_ingot":8,"minecraft:iron_sword":3,"minecraft:oak_planks":253,"minecraft:cooked_porkchop":1,"minecraft:sweet_berries":35,"securitycraft:dirt_mine":1,"minecraft:dripstone_block":5,"minecraft:sand":38,"minecraft:gravel":53,"minecraft:spruce_sapling":1,"minecraft:spruce_log":29,"alexsmobs:animal_dictionary":1,"minecraft:spider_eye":11,"alexsmobs:raw_catfish":104,"minecraft:diamond":4,"minecraft:spruce_boat":6,"minecraft:stone_axe":13,"minecraft:iron_helmet":6,"minecraft:granite":15,"minecraft:bone_meal":1,"minecraft:bread":18,"minecraft:oak_sapling":61,"minecraft:black_wool":2,"minecraft:coal":33},"minecraft:used":{"minecraft:oak_fence":18,"minecraft:stone_sword":47,"minecraft:iron_shovel":5,"minecraft:stone_shovel":129,"minecraft:chest":3,"minecraft:shield":34,"minecraft:iron_sword":14,"minecraft:oak_door":2,"minecraft:iron_chestplate":5,"minecraft:torch":55,"minecraft:dirt":8,"minecraft:mutton":4,"minecraft:granite":3,"minecraft:spruce_boat":6,"alexsmobs:lobster_tail":1,"minecraft:iron_axe":95,"alexsmobs:cooked_lobster_tail":4,"minecraft:iron_helmet":3,"minecraft:iron_boots":3,"mowziesmobs:spear":36,"minecraft:light_gray_wool":3,"securitycraft:sand_mine":1,"minecraft:bow":6,"minecraft:sweet_berries":40,"securitycraft:dirt_mine":2,"minecraft:oak_sapling":5,"minecraft:furnace":5,"minecraft:egg":3,"minecraft:potato":1,"minecraft:iron_leggings":3,"minecraft:wheat_seeds":59,"alexsmobs:raw_catfish":21,"alexsmobs:cooked_catfish":41,"minecraft:diorite":4,"minecraft:stone_pickaxe":243,"minecraft:oak_planks":45,"alexsmobs:flying_fish_boots":1,"minecraft:wooden_pickaxe":6,"minecraft:rail":2,"minecraft:crafting_table":7,"minecraft:spider_eye":2,"minecraft:white_bed":1,"minecraft:wooden_hoe":57,"minecraft:black_wool":1,"minecraft:apple":8,"minecraft:bread":5,"minecraft:chicken":1,"minecraft:string":2,"minecraft:iron_pickaxe":172,"minecraft:gravel":3,"minecraft:pink_bed":1,"minecraft:stone_axe":395,"minecraft:cobblestone":85,"minecraft:porkchop":8,"minecraft:cooked_porkchop":4,"minecraft:andesite":2,"minecraft:oak_boat":1,"alexsmobs:animal_dictionary":2,"minecraft:bone_meal":52},"minecraft:killed":{"alexsmobs:lobster":8,"minecraft:cave_spider":6,"minecraft:witch":1,"alexsmobs:raccoon":3,"minecraft:spider":12,"minecraft:cod":5,"minecraft:dolphin":1,"alexsmobs:seagull":1,"minecraft:slime":1,"minecraft:skeleton":11,"minecraft:chicken":5,"alexsmobs:flying_fish":9,"minecraft:pig":6,"alexsmobs:grizzly_bear":2,"alexsmobs:seal":1,"minecraft:frog":4,"minecraft:creeper":2,"minecraft:sheep":3,"alexsmobs:catfish":41,"minecraft:zombie":16,"alexsmobs:cockroach":1,"alexsmobs:terrapin":1,"alexsmobs:fly":1,"alexsmobs:crow":2,"minecraft:cow":5},"minecraft:killed_by":{"minecraft:player":4,"minecraft:spider":1,"minecraft:cave_spider":1,"minecraft:skeleton":2,"alexsmobs:grizzly_bear":1},"minecraft:broken":{"minecraft:stone_pickaxe":1,"minecraft:stone_axe":4,"minecraft:iron_sword":1,"minecraft:stone_shovel":1},"minecraft:custom":{"minecraft:mob_kills":153,"minecraft:interact_with_crafting_table":89,"minecraft:leave_game":4,"minecraft:time_since_death":25205,"minecraft:climb_one_cm":13299,"minecraft:sprint_one_cm":945560,"minecraft:walk_one_cm":494706,"minecraft:damage_blocked_by_shield":910,"minecraft:drop":97,"minecraft:play_time":278326,"minecraft:sneak_time":6638,"minecraft:deaths":15,"minecraft:walk_under_water_one_cm":182076,"minecraft:boat_one_cm":246520,"minecraft:jump":4927,"minecraft:walk_on_water_one_cm":139637,"minecraft:total_world_time":278326,"minecraft:interact_with_furnace":89,"minecraft:sleep_in_bed":4,"minecraft:time_since_rest":25232,"minecraft:damage_taken":7041,"minecraft:damage_dealt":22884,"minecraft:player_kills":5,"minecraft:swim_one_cm":485726,"minecraft:fly_one_cm":825360,"minecraft:open_chest":88,"minecraft:crouch_one_cm":11645,"minecraft:fall_one_cm":112463},"minecraft:dropped":{"minecraft:brown_mushroom":3,"minecraft:wheat_seeds":1,"minecraft:cooked_porkchop":2,"minecraft:cobblestone":34,"minecraft:granite":3,"irons_spellbooks:tarnished_helmet":1,"alexsmobs:flying_fish_boots":2,"minecraft:cod":1,"minecraft:diorite":11,"minecraft:torch":1,"minecraft:wooden_axe":2,"alexsmobs:flying_fish":8,"minecraft:iron_leggings":1,"irons_spellbooks:arcane_essence":4,"alexsmobs:cooked_catfish":19,"minecraft:lily_pad":43,"minecraft:stone_axe":5,"minecraft:sweet_berries":3,"minecraft:stone_sword":1,"alexsmobs:animal_dictionary":1,"minecraft:raw_iron":2,"irons_spellbooks:graybeard_staff":1,"minecraft:rotten_flesh":5,"minecraft:iron_boots":1,"minecraft:shield":2,"minecraft:spruce_planks":9,"minecraft:iron_chestplate":1,"minecraft:oak_sapling":1,"minecraft:spider_eye":4,"minecraft:spruce_log":13,"minecraft:stone_pickaxe":1},"minecraft:mined":{"minecraft:spruce_planks":2,"minecraft:oak_sapling":3,"minecraft:deepslate_diamond_ore":1,"minecraft:oak_door":1,"minecraft:granite":5,"minecraft:grass_block":23,"minecraft:spruce_leaves":14,"minecraft:oxeye_daisy":3,"minecraft:sandstone":17,"minecraft:spawner":2,"minecraft:large_fern":1,"minecraft:tall_seagrass":11,"minecraft:magma_block":5,"minecraft:furnace":3,"minecraft:fire":4,"minecraft:iron_ore":57,"minecraft:andesite":2,"minecraft:deepslate_iron_ore":9,"minecraft:vine":3,"minecraft:stone":200,"minecraft:tripwire":2,"minecraft:crafting_table":4,"minecraft:torch":3,"minecraft:tall_grass":4,"minecraft:cobblestone":20,"minecraft:lily_pad":24,"minecraft:oak_planks":2,"minecraft:diorite":36,"minecraft:wall_torch":2,"minecraft:seagrass":6,"minecraft:wheat":11,"minecraft:sweet_berry_bush":14,"minecraft:spruce_log":16,"minecraft:birch_leaves":1,"minecraft:bee_nest":1,"minecraft:light_gray_wool":2,"securitycraft:dirt_mine":1,"minecraft:grass":68,"minecraft:oak_log":81,"minecraft:coal_ore":37,"minecraft:dripstone_block":2,"minecraft:sand":4,"minecraft:gravel":59,"minecraft:dirt":83,"minecraft:cobweb":18,"minecraft:gold_ore":1,"minecraft:deepslate":4,"minecraft:oak_leaves":21},"minecraft:crafted":{"minecraft:oak_door":3,"securitycraft:mine":3,"minecraft:oak_planks":336,"minecraft:stone_shovel":1,"minecraft:pink_bed":1,"minecraft:cooked_chicken":4,"minecraft:furnace":1,"minecraft:light_gray_wool":2,"minecraft:bone_meal":51,"irons_spellbooks:graybeard_staff":1,"minecraft:pink_dye":3,"minecraft:bow":1,"minecraft:iron_boots":2,"minecraft:iron_axe":1,"minecraft:stone_pickaxe":2,"minecraft:chest":3,"minecraft:spruce_boat":2,"alexsmobs:cooked_catfish":62,"mowziesmobs:spear":1,"alexsmobs:flying_fish_boots":3,"minecraft:oak_fence":15,"minecraft:wooden_shovel":1,"alexsmobs:cooked_lobster_tail":2,"securitycraft:sand_mine":1,"minecraft:cooked_porkchop":6,"minecraft:crafting_table":4,"minecraft:spruce_planks":64,"minecraft:wooden_pickaxe":1,"minecraft:iron_helmet":2,"securitycraft:cobblestone_mine":1,"minecraft:stone_axe":5,"minecraft:bread":6,"minecraft:air":0,"securitycraft:dirt_mine":1,"minecraft:oak_boat":2,"minecraft:pink_wool":3,"minecraft:iron_chestplate":2,"minecraft:wooden_hoe":1,"minecraft:charcoal":8,"minecraft:shield":1,"minecraft:stick":28,"minecraft:iron_ingot":56,"minecraft:iron_pickaxe":2,"minecraft:wooden_axe":1,"minecraft:gold_ingot":10,"minecraft:stone_sword":2,"minecraft:iron_leggings":2,"minecraft:light_gray_dye":3,"minecraft:white_bed":1,"minecraft:torch":32}},"DataVersion":3465}