{"stats":{"minecraft:custom":{"minecraft:interact_with_furnace":6,"minecraft:mob_kills":14,"minecraft:interact_with_crafting_table":9,"minecraft:leave_game":3,"minecraft:time_since_death":370,"minecraft:time_since_rest":433,"minecraft:sprint_one_cm":255249,"minecraft:damage_taken":1978,"minecraft:walk_one_cm":124860,"minecraft:drop":1,"minecraft:damage_dealt":1399,"minecraft:swim_one_cm":21833,"minecraft:fly_one_cm":277605,"minecraft:crouch_one_cm":4072,"minecraft:play_time":49947,"minecraft:deaths":6,"minecraft:sneak_time":1486,"minecraft:walk_under_water_one_cm":7675,"minecraft:jump":1360,"minecraft:walk_on_water_one_cm":10665,"minecraft:total_world_time":49947,"minecraft:fall_one_cm":49117,"minecraft:horse_one_cm":2079},"minecraft:dropped":{"minecraft:wheat_seeds":1},"minecraft:picked_up":{"minecraft:crafting_table":6,"minecraft:feather":6,"minecraft:chicken":7,"minecraft:oak_log":17,"minecraft:dirt":24,"minecraft:wheat_seeds":3,"minecraft:rabbit_hide":1,"minecraft:rabbit":1,"minecraft:oak_planks":24,"minecraft:egg":4,"minecraft:furnace":1,"minecraft:stick":6,"minecraft:torch":3,"minecraft:porkchop":2,"world:oak":14,"alexsmobs:raw_catfish":2,"minecraft:oak_wood":3,"minecraft:rotten_flesh":3,"minecraft:end_rod":1,"minecraft:mutton":5,"minecraft:coal":40,"minecraft:white_wool":3,"minecraft:cobblestone":19,"minecraft:ender_pearl":1},"minecraft:crafted":{"minecraft:oak_planks":80,"minecraft:crafting_table":3,"minecraft:wooden_pickaxe":1,"minecraft:cooked_chicken":3,"minecraft:furnace":1,"minecraft:stone_axe":1,"minecraft:air":0,"minecraft:stick":12,"minecraft:stone_pickaxe":1,"minecraft:wooden_axe":1,"minecraft:white_bed":1,"minecraft:torch":8},"minecraft:mined":{"world:plantforestbig_2":2,"world:plantforestbig_1":2,"minecraft:crafting_table":6,"minecraft:torch":1,"minecraft:oak_wood":3,"minecraft:grass_block":14,"minecraft:tall_grass":8,"world:oak":14,"minecraft:oak_planks":2,"minecraft:wall_torch":3,"minecraft:seagrass":2,"minecraft:tall_seagrass":1,"minecraft:furnace":1,"minecraft:bee_nest":1,"world:pfb_2":2,"minecraft:grass":21,"minecraft:oak_log":17,"minecraft:coal_ore":40,"minecraft:end_rod":1,"minecraft:dirt":14,"minecraft:stone":20,"world:leavesoak":1,"minecraft:oak_leaves":3},"minecraft:used":{"alexsmobs:raw_catfish":2,"minecraft:rabbit":1,"minecraft:stone_pickaxe":55,"minecraft:oak_planks":25,"minecraft:wooden_pickaxe":6,"minecraft:cooked_chicken":3,"minecraft:rotten_flesh":3,"minecraft:torch":10,"minecraft:dirt":17,"minecraft:crafting_table":7,"minecraft:wooden_axe":9,"minecraft:chicken":3,"minecraft:stone_axe":53,"minecraft:furnace":2,"minecraft:porkchop":2,"minecraft:egg":3},"minecraft:killed":{"minecraft:pig":1,"minecraft:rabbit":1,"minecraft:sheep":3,"alexsmobs:catfish":1,"minecraft:chicken":7,"minecraft:enderman":1},"minecraft:killed_by":{"irons_spellbooks:necromancer":1,"minecraft:zombie":1,"alexsmobs:bison":2}},"DataVersion":3465}