{"stats":{"minecraft:broken":{"minecraft:stone_axe":1},"minecraft:custom":{"minecraft:interact_with_furnace":17,"minecraft:mob_kills":24,"minecraft:interact_with_crafting_table":13,"minecraft:leave_game":5,"minecraft:time_since_death":912,"minecraft:sleep_in_bed":1,"minecraft:time_since_rest":1050,"minecraft:sprint_one_cm":429128,"minecraft:damage_taken":4745,"minecraft:walk_one_cm":211792,"minecraft:drop":1,"minecraft:damage_dealt":4091,"minecraft:player_kills":1,"minecraft:swim_one_cm":31499,"minecraft:fly_one_cm":525320,"minecraft:open_chest":7,"minecraft:play_time":89434,"minecraft:crouch_one_cm":8190,"minecraft:deaths":13,"minecraft:sneak_time":2847,"minecraft:walk_under_water_one_cm":12063,"minecraft:jump":2487,"minecraft:walk_on_water_one_cm":13035,"minecraft:total_world_time":89434,"minecraft:fall_one_cm":85889,"minecraft:horse_one_cm":2079},"minecraft:dropped":{"minecraft:wheat_seeds":1},"minecraft:picked_up":{"minecraft:crafting_table":6,"minecraft:feather":6,"minecraft:chicken":7,"alexsmobs:bison_fur":1,"minecraft:oak_log":17,"minecraft:dirt":42,"irons_spellbooks:arcane_essence":3,"minecraft:wheat_seeds":3,"minecraft:rabbit_hide":1,"minecraft:beef":7,"minecraft:rabbit":1,"minecraft:oak_planks":29,"minecraft:egg":4,"minecraft:furnace":1,"minecraft:stick":6,"minecraft:raw_iron":3,"irons_spellbooks:frozen_bone":4,"minecraft:torch":3,"minecraft:porkchop":2,"minecraft:spider_eye":1,"world:oak":14,"minecraft:oak_wood":3,"alexsmobs:raw_catfish":2,"minecraft:rotten_flesh":5,"minecraft:end_rod":4,"minecraft:oak_sapling":1,"minecraft:mutton":5,"minecraft:coal":41,"minecraft:snowball":65,"minecraft:white_wool":3,"minecraft:cobblestone":22,"minecraft:ender_pearl":1},"minecraft:crafted":{"minecraft:cooked_beef":10,"minecraft:oak_planks":80,"minecraft:crafting_table":3,"minecraft:wooden_pickaxe":1,"minecraft:cooked_chicken":4,"minecraft:furnace":1,"minecraft:stone_axe":2,"minecraft:air":0,"minecraft:stick":16,"minecraft:iron_ingot":3,"minecraft:iron_pickaxe":1,"minecraft:stone_pickaxe":1,"minecraft:wooden_axe":1,"minecraft:white_bed":1,"minecraft:torch":8},"minecraft:mined":{"world:plantforestbig_2":2,"world:rootssmall_1":1,"world:plantforestbig_1":2,"minecraft:crafting_table":6,"minecraft:torch":1,"minecraft:oak_wood":3,"minecraft:grass_block":25,"minecraft:tall_grass":8,"world:oak":14,"minecraft:oak_planks":6,"minecraft:wall_torch":3,"minecraft:seagrass":2,"minecraft:tall_seagrass":1,"minecraft:furnace":1,"minecraft:iron_ore":3,"minecraft:birch_leaves":1,"minecraft:bee_nest":1,"world:pfb_2":2,"minecraft:grass":24,"minecraft:oak_log":17,"minecraft:coal_ore":40,"minecraft:end_rod":4,"minecraft:dirt":16,"minecraft:stone":23,"world:leavesoak":1,"minecraft:oak_leaves":8},"minecraft:used":{"alexsmobs:raw_catfish":2,"minecraft:end_rod":4,"minecraft:rabbit":1,"minecraft:stone_pickaxe":62,"minecraft:oak_planks":44,"minecraft:ender_pearl":1,"minecraft:wooden_pickaxe":6,"minecraft:cooked_chicken":4,"minecraft:rotten_flesh":3,"minecraft:torch":11,"minecraft:dirt":41,"minecraft:crafting_table":9,"minecraft:white_bed":1,"minecraft:snowball":45,"minecraft:wooden_axe":9,"minecraft:chicken":3,"minecraft:stone_axe":106,"minecraft:cobblestone":1,"minecraft:furnace":2,"minecraft:porkchop":2,"minecraft:egg":4,"minecraft:cooked_beef":10},"minecraft:killed":{"minecraft:pig":1,"minecraft:rabbit":1,"minecraft:spider":1,"alexsmobs:snow_leopard":2,"irons_spellbooks:necromancer":1,"minecraft:sheep":3,"alexsmobs:catfish":1,"minecraft:zombie":3,"minecraft:chicken":7,"alexsmobs:bison":1,"minecraft:enderman":1},"minecraft:killed_by":{"irons_spellbooks:necromancer":3,"minecraft:zombie":2,"alexsmobs:bison":4,"alexsmobs:tusklin":1}},"DataVersion":3465}