{"stats":{"minecraft:picked_up":{"minecraft:wooden_axe":2,"minecraft:iron_chestplate":14,"minecraft:crafting_table":3,"minecraft:wheat":20,"minecraft:chicken":5,"irons_spellbooks:tarnished_helmet":1,"minecraft:brown_mushroom":3,"minecraft:wooden_pickaxe":1,"minecraft:pink_wool":3,"minecraft:shield":16,"mowziesmobs:spear":1,"alexsmobs:cooked_catfish":18,"minecraft:string":97,"irons_spellbooks:graybeard_staff":4,"minecraft:iron_axe":4,"minecraft:flint_and_steel":1,"minecraft:iron_leggings":10,"minecraft:iron_shovel":6,"irons_spellbooks:arcane_essence":5,"minecraft:gold_nugget":2,"minecraft:cobbled_deepslate":36,"minecraft:spruce_planks":81,"minecraft:beef":8,"minecraft:oak_boat":5,"minecraft:iron_pickaxe":28,"minecraft:light_gray_wool":11,"alexsmobs:raccoon_tail":1,"alexsmobs:cooked_lobster_tail":13,"minecraft:egg":3,"minecraft:iron_boots":15,"minecraft:furnace":6,"minecraft:raw_iron":139,"minecraft:stick":398,"minecraft:sandstone":14,"minecraft:oak_door":10,"minecraft:oak_fence":2,"minecraft:torch":60,"minecraft:porkchop":13,"minecraft:pointed_dripstone":2,"minecraft:diorite":54,"minecraft:stone_sword":5,"minecraft:arrow":27,"minecraft:stone_shovel":1,"minecraft:rotten_flesh":24,"alexsmobs:flying_fish_boots":8,"minecraft:mutton":5,"alexsmobs:flying_fish":16,"alexsmobs:lobster_tail":31,"minecraft:cod":10,"minecraft:rail":2,"minecraft:white_wool":10,"minecraft:cobblestone":400,"minecraft:oxeye_daisy":3,"minecraft:magma_block":5,"minecraft:feather":7,"minecraft:andesite":4,"minecraft:leather":17,"minecraft:potato":1,"minecraft:flint":5,"alexsmobs:bear_fur":4,"minecraft:light_gray_dye":1,"minecraft:oak_log":96,"minecraft:lily_pad":135,"minecraft:gunpowder":6,"minecraft:wooden_hoe":2,"minecraft:lapis_lazuli":6,"minecraft:dirt":197,"minecraft:bone":19,"minecraft:apple":8,"minecraft:kelp":6,"minecraft:wheat_seeds":60,"minecraft:raw_gold":1,"minecraft:iron_ingot":9,"minecraft:stone_pickaxe":11,"minecraft:oak_planks":267,"minecraft:iron_sword":3,"minecraft:birch_boat":2,"minecraft:cooked_porkchop":1,"minecraft:sweet_berries":35,"securitycraft:dirt_mine":1,"minecraft:dripstone_block":5,"minecraft:gravel":53,"minecraft:sand":70,"minecraft:spruce_sapling":1,"minecraft:spruce_log":29,"minecraft:spider_eye":15,"alexsmobs:animal_dictionary":1,"alexsmobs:raw_catfish":104,"minecraft:diamond":4,"minecraft:stone_axe":15,"minecraft:spruce_boat":6,"minecraft:iron_helmet":9,"minecraft:granite":15,"minecraft:bone_meal":2,"minecraft:bread":18,"minecraft:oak_sapling":69,"minecraft:black_wool":2,"minecraft:coal":33},"minecraft:used":{"minecraft:oak_fence":18,"minecraft:iron_shovel":5,"minecraft:stone_sword":82,"minecraft:stone_shovel":129,"minecraft:chest":3,"minecraft:shield":43,"minecraft:iron_sword":14,"minecraft:oak_door":6,"minecraft:iron_chestplate":6,"minecraft:torch":55,"minecraft:dirt":8,"minecraft:mutton":4,"minecraft:granite":3,"minecraft:spruce_boat":6,"alexsmobs:lobster_tail":1,"minecraft:iron_axe":95,"alexsmobs:cooked_lobster_tail":15,"minecraft:iron_helmet":4,"minecraft:iron_boots":5,"securitycraft:sand_mine":1,"minecraft:light_gray_wool":3,"mowziesmobs:spear":72,"minecraft:bow":6,"minecraft:sweet_berries":40,"securitycraft:dirt_mine":2,"minecraft:oak_sapling":5,"minecraft:furnace":5,"minecraft:egg":3,"minecraft:potato":1,"minecraft:cobbled_deepslate":4,"minecraft:iron_leggings":4,"alexsmobs:raw_catfish":21,"minecraft:wheat_seeds":59,"alexsmobs:cooked_catfish":41,"minecraft:diorite":4,"minecraft:oak_planks":45,"minecraft:stone_pickaxe":243,"alexsmobs:flying_fish_boots":3,"minecraft:wooden_pickaxe":6,"minecraft:sugar_cane":19,"minecraft:rail":2,"minecraft:crafting_table":9,"minecraft:spider_eye":2,"minecraft:white_bed":1,"minecraft:cod":4,"minecraft:black_wool":1,"minecraft:wooden_hoe":57,"minecraft:apple":8,"minecraft:chicken":1,"minecraft:iron_pickaxe":175,"minecraft:string":2,"minecraft:bread":5,"minecraft:gravel":3,"minecraft:pink_bed":1,"minecraft:stone_axe":430,"minecraft:cobblestone":92,"minecraft:porkchop":8,"minecraft:cooked_porkchop":4,"minecraft:andesite":2,"minecraft:oak_boat":5,"alexsmobs:animal_dictionary":2,"minecraft:bone_meal":53},"minecraft:killed":{"alexsmobs:lobster":27,"minecraft:cave_spider":6,"minecraft:witch":1,"alexsmobs:raccoon":3,"minecraft:spider":13,"minecraft:cod":9,"alexsmobs:seagull":2,"minecraft:dolphin":1,"minecraft:slime":1,"minecraft:skeleton":11,"minecraft:chicken":5,"alexsmobs:skelewag":1,"alexsmobs:frilled_shark":2,"alexsmobs:flying_fish":9,"minecraft:pig":6,"alexsmobs:grizzly_bear":2,"alexsmobs:seal":1,"minecraft:frog":4,"minecraft:creeper":3,"minecraft:sheep":3,"alexsmobs:catfish":41,"alexsmobs:cockroach":1,"minecraft:zombie":16,"alexsmobs:terrapin":1,"alexsmobs:fly":1,"alexsmobs:crow":2,"minecraft:cow":5},"minecraft:killed_by":{"minecraft:player":4,"minecraft:spider":1,"alexsmobs:cachalot_whale":1,"minecraft:cave_spider":1,"minecraft:skeleton":3,"alexsmobs:grizzly_bear":1,"alexsmobs:giant_squid":1},"minecraft:broken":{"minecraft:stone_pickaxe":1,"minecraft:shield":1,"mowziesmobs:spear":1,"minecraft:stone_axe":5,"minecraft:iron_sword":1,"minecraft:stone_shovel":1},"minecraft:custom":{"minecraft:mob_kills":182,"minecraft:interact_with_crafting_table":98,"minecraft:leave_game":5,"minecraft:time_since_death":6551,"minecraft:climb_one_cm":13299,"minecraft:sprint_one_cm":1022230,"minecraft:walk_one_cm":527458,"minecraft:damage_blocked_by_shield":1080,"minecraft:drop":100,"minecraft:play_time":333942,"minecraft:sneak_time":8773,"minecraft:deaths":19,"minecraft:walk_under_water_one_cm":314391,"minecraft:boat_one_cm":784864,"minecraft:jump":5355,"minecraft:walk_on_water_one_cm":215222,"minecraft:total_world_time":333942,"minecraft:interact_with_furnace":100,"minecraft:sleep_in_bed":4,"minecraft:time_since_rest":6818,"minecraft:damage_taken":8733,"minecraft:damage_dealt":26066,"minecraft:player_kills":5,"minecraft:swim_one_cm":606654,"minecraft:fly_one_cm":1084967,"minecraft:open_chest":115,"minecraft:crouch_one_cm":11990,"minecraft:fall_one_cm":123713},"minecraft:dropped":{"minecraft:brown_mushroom":3,"minecraft:wheat_seeds":1,"minecraft:cooked_porkchop":2,"minecraft:cobblestone":34,"minecraft:granite":3,"irons_spellbooks:tarnished_helmet":1,"alexsmobs:flying_fish_boots":2,"minecraft:stick":2,"minecraft:cod":1,"minecraft:diorite":11,"minecraft:torch":1,"minecraft:wooden_axe":2,"alexsmobs:flying_fish":8,"minecraft:iron_leggings":1,"irons_spellbooks:arcane_essence":4,"alexsmobs:cooked_catfish":19,"minecraft:lily_pad":43,"minecraft:stone_axe":5,"minecraft:kelp":4,"minecraft:sweet_berries":3,"minecraft:stone_sword":1,"alexsmobs:animal_dictionary":1,"minecraft:raw_iron":2,"irons_spellbooks:graybeard_staff":1,"minecraft:rotten_flesh":5,"minecraft:iron_boots":1,"minecraft:shield":2,"minecraft:spruce_planks":9,"minecraft:iron_chestplate":1,"minecraft:oak_sapling":3,"minecraft:spider_eye":4,"minecraft:spruce_log":13,"minecraft:stone_pickaxe":1},"minecraft:mined":{"minecraft:spruce_planks":2,"minecraft:oak_sapling":3,"minecraft:deepslate_diamond_ore":1,"minecraft:oak_door":5,"minecraft:granite":5,"minecraft:grass_block":23,"minecraft:spruce_leaves":14,"minecraft:kelp":1,"minecraft:oxeye_daisy":3,"minecraft:sandstone":17,"minecraft:spawner":2,"minecraft:large_fern":1,"minecraft:tall_seagrass":13,"minecraft:magma_block":5,"minecraft:furnace":3,"minecraft:iron_ore":57,"minecraft:fire":4,"minecraft:andesite":2,"minecraft:vine":3,"minecraft:deepslate_iron_ore":9,"minecraft:stone":200,"minecraft:tripwire":2,"minecraft:kelp_plant":2,"minecraft:crafting_table":4,"minecraft:torch":3,"minecraft:tall_grass":4,"minecraft:cobblestone":21,"minecraft:lily_pad":24,"minecraft:oak_planks":2,"minecraft:wall_torch":2,"minecraft:diorite":36,"minecraft:seagrass":8,"minecraft:sweet_berry_bush":14,"minecraft:wheat":11,"minecraft:spruce_log":16,"minecraft:birch_leaves":1,"minecraft:light_gray_wool":2,"securitycraft:dirt_mine":1,"minecraft:bee_nest":1,"minecraft:grass":68,"minecraft:coal_ore":37,"minecraft:oak_log":95,"minecraft:gravel":59,"minecraft:sand":4,"minecraft:dripstone_block":2,"minecraft:dirt":83,"minecraft:cobweb":18,"minecraft:gold_ore":1,"minecraft:oak_leaves":23,"minecraft:deepslate":4},"minecraft:crafted":{"minecraft:oak_door":3,"securitycraft:mine":3,"minecraft:oak_planks":372,"minecraft:stone_shovel":1,"minecraft:pink_bed":1,"minecraft:cooked_chicken":4,"minecraft:furnace":1,"minecraft:light_gray_wool":2,"minecraft:bone_meal":51,"irons_spellbooks:graybeard_staff":1,"minecraft:pink_dye":3,"minecraft:bow":1,"minecraft:iron_boots":2,"minecraft:iron_axe":1,"minecraft:stone_pickaxe":2,"minecraft:chest":3,"minecraft:spruce_boat":2,"alexsmobs:cooked_catfish":62,"mowziesmobs:spear":1,"alexsmobs:flying_fish_boots":4,"minecraft:oak_fence":15,"minecraft:wooden_shovel":1,"minecraft:cooked_porkchop":6,"securitycraft:sand_mine":1,"alexsmobs:cooked_lobster_tail":14,"minecraft:crafting_table":6,"minecraft:spruce_planks":64,"minecraft:wooden_pickaxe":1,"minecraft:iron_helmet":2,"securitycraft:cobblestone_mine":1,"minecraft:stone_axe":6,"minecraft:bread":6,"minecraft:air":0,"securitycraft:dirt_mine":1,"minecraft:oak_boat":5,"minecraft:iron_chestplate":2,"minecraft:wooden_hoe":1,"minecraft:charcoal":8,"minecraft:pink_wool":3,"minecraft:shield":2,"minecraft:stick":28,"minecraft:iron_ingot":56,"minecraft:iron_pickaxe":2,"minecraft:wooden_axe":1,"minecraft:stone_sword":2,"minecraft:gold_ingot":10,"minecraft:iron_leggings":2,"minecraft:light_gray_dye":3,"minecraft:white_bed":1,"minecraft:torch":32}},"DataVersion":3465}