{"stats":{"minecraft:broken":{"minecraft:stone_hoe":1,"minecraft:stone_pickaxe":1,"minecraft:stone_axe":2,"minecraft:iron_pickaxe":1,"minecraft:wooden_axe":1},"minecraft:custom":{"minecraft:mob_kills":76,"minecraft:interact_with_crafting_table":49,"minecraft:leave_game":6,"minecraft:time_since_death":488,"minecraft:sprint_one_cm":812897,"minecraft:walk_one_cm":641522,"minecraft:damage_blocked_by_shield":635,"minecraft:drop":49,"minecraft:play_time":247385,"minecraft:deaths":30,"minecraft:sneak_time":8957,"minecraft:walk_under_water_one_cm":39300,"minecraft:jump":6009,"minecraft:walk_on_water_one_cm":59956,"minecraft:total_world_time":247385,"minecraft:interact_with_furnace":53,"minecraft:sleep_in_bed":2,"minecraft:time_since_rest":517,"minecraft:damage_taken":10767,"minecraft:damage_dealt":13575,"minecraft:swim_one_cm":79461,"minecraft:fly_one_cm":1035956,"minecraft:player_kills":4,"minecraft:open_chest":59,"minecraft:crouch_one_cm":24237,"minecraft:fall_one_cm":221969,"minecraft:horse_one_cm":2079},"minecraft:dropped":{"minecraft:stone_hoe":1,"minecraft:wheat_seeds":5,"minecraft:cooked_beef":11,"minecraft:glow_ink_sac":6,"minecraft:stick":2,"minecraft:raw_copper_block":1,"minecraft:wooden_hoe":1,"minecraft:wooden_axe":3,"minecraft:iron_axe":1,"minecraft:gravel":6,"minecraft:stone_axe":1,"alexsmobs:animal_dictionary":2,"minecraft:rotten_flesh":1,"minecraft:oak_planks":48,"minecraft:rabbit_hide":1,"minecraft:gunpowder":5,"minecraft:wooden_pickaxe":5,"minecraft:stone_pickaxe":1,"minecraft:calcite":3},"minecraft:picked_up":{"minecraft:wooden_axe":1,"minecraft:crafting_table":8,"minecraft:chicken":7,"minecraft:wooden_pickaxe":2,"minecraft:amethyst_block":10,"minecraft:string":4,"minecraft:iron_axe":1,"minecraft:raw_copper":3,"irons_spellbooks:arcane_essence":14,"minecraft:cobbled_deepslate":169,"minecraft:beef":7,"minecraft:calcite":3,"minecraft:iron_pickaxe":1,"minecraft:chest":1,"minecraft:raw_copper_block":1,"minecraft:egg":4,"minecraft:furnace":1,"minecraft:tipped_arrow":1,"minecraft:raw_iron":53,"minecraft:stick":7,"minecraft:torch":4,"minecraft:porkchop":2,"minecraft:diorite":84,"minecraft:redstone":33,"minecraft:arrow":7,"minecraft:rotten_flesh":47,"minecraft:end_rod":4,"minecraft:mutton":5,"minecraft:snowball":134,"minecraft:white_wool":3,"minecraft:cobblestone":136,"minecraft:feather":14,"minecraft:cooked_beef":1,"minecraft:glow_ink_sac":5,"minecraft:andesite":21,"alexsmobs:bison_fur":1,"minecraft:flint":2,"minecraft:oak_log":21,"minecraft:gunpowder":9,"minecraft:lapis_lazuli":151,"minecraft:dirt":135,"minecraft:bone":10,"minecraft:wheat_seeds":7,"minecraft:rabbit_hide":2,"minecraft:rabbit":1,"minecraft:iron_sword":1,"minecraft:oak_planks":31,"minecraft:oak_slab":22,"minecraft:smooth_basalt":8,"irons_spellbooks:frozen_bone":21,"minecraft:cooked_porkchop":1,"minecraft:gravel":7,"minecraft:amethyst_shard":24,"minecraft:white_bed":2,"alexsmobs:animal_dictionary":2,"minecraft:spider_eye":6,"world:oak":14,"minecraft:oak_wood":3,"alexsmobs:raw_catfish":2,"minecraft:diamond":1,"alexsmobs:maggot":4,"minecraft:oak_sapling":15,"minecraft:coal":41,"minecraft:ender_pearl":1},"minecraft:crafted":{"minecraft:oak_door":3,"minecraft:oak_planks":96,"minecraft:cooked_chicken":4,"minecraft:furnace":2,"irons_spellbooks:divine_pearl":1,"minecraft:iron_boots":1,"minecraft:iron_axe":1,"minecraft:stone_pickaxe":3,"minecraft:stone_hoe":2,"minecraft:cooked_beef":36,"minecraft:oak_slab":6,"irons_spellbooks:shriving_stone":1,"minecraft:crafting_table":6,"minecraft:wooden_pickaxe":3,"minecraft:iron_helmet":1,"minecraft:copper_ingot":3,"minecraft:stone_axe":3,"minecraft:air":0,"minecraft:oak_boat":1,"minecraft:oak_chest_boat":1,"minecraft:iron_chestplate":1,"minecraft:wooden_hoe":1,"minecraft:shield":1,"minecraft:stick":36,"minecraft:iron_pickaxe":2,"minecraft:iron_ingot":76,"minecraft:wooden_axe":2,"minecraft:gold_ingot":9,"minecraft:iron_leggings":1,"minecraft:white_bed":1,"minecraft:torch":8},"minecraft:used":{"minecraft:redstone":1,"minecraft:shield":31,"minecraft:iron_sword":28,"minecraft:cooked_chicken":4,"minecraft:stone_hoe":155,"minecraft:rotten_flesh":17,"minecraft:oak_door":1,"minecraft:torch":12,"minecraft:dirt":62,"minecraft:snowball":47,"minecraft:wooden_axe":40,"alexsmobs:maggot":4,"minecraft:iron_axe":60,"minecraft:furnace":3,"minecraft:egg":4,"minecraft:cooked_beef":26,"minecraft:cobbled_deepslate":103,"alexsmobs:raw_catfish":2,"minecraft:diorite":23,"minecraft:end_rod":4,"minecraft:rabbit":1,"minecraft:stone_pickaxe":179,"minecraft:oak_planks":112,"minecraft:ender_pearl":1,"minecraft:wooden_pickaxe":27,"minecraft:oak_slab":22,"minecraft:crafting_table":15,"minecraft:white_bed":3,"minecraft:wooden_hoe":4,"minecraft:chicken":3,"minecraft:iron_pickaxe":294,"minecraft:stone_axe":186,"minecraft:cobblestone":91,"minecraft:cooked_porkchop":1,"minecraft:porkchop":2,"minecraft:andesite":2},"minecraft:mined":{"world:rootssmall_1":1,"minecraft:white_bed":2,"minecraft:deepslate_diamond_ore":1,"minecraft:sculk_vein":6,"minecraft:budding_amethyst":3,"minecraft:grass_block":37,"minecraft:redstone_wire":1,"world:oak":14,"minecraft:tall_seagrass":1,"minecraft:sculk_catalyst":1,"minecraft:furnace":1,"minecraft:iron_ore":30,"minecraft:cobbled_deepslate":4,"minecraft:andesite":21,"minecraft:deepslate_lapis_ore":4,"world:pfb_2":2,"minecraft:sculk_shrieker":2,"minecraft:deepslate_iron_ore":23,"minecraft:stone":123,"world:leavesoak":1,"world:plantforestbig_2":2,"minecraft:deepslate_redstone_ore":1,"minecraft:oak_slab":18,"world:plantforestbig_1":2,"minecraft:amethyst_cluster":7,"minecraft:crafting_table":9,"minecraft:torch":1,"minecraft:oak_wood":3,"minecraft:calcite":3,"minecraft:chest":1,"minecraft:sculk_sensor":3,"minecraft:tall_grass":8,"minecraft:copper_ore":1,"minecraft:cobblestone":15,"minecraft:lapis_ore":8,"minecraft:oak_planks":7,"minecraft:sculk":131,"minecraft:diorite":51,"minecraft:wall_torch":3,"minecraft:amethyst_block":12,"minecraft:seagrass":2,"minecraft:birch_leaves":1,"minecraft:bee_nest":1,"minecraft:grass":25,"minecraft:oak_log":21,"minecraft:coal_ore":40,"minecraft:end_rod":4,"minecraft:gravel":8,"minecraft:dirt":42,"minecraft:smooth_basalt":8,"minecraft:oak_leaves":42,"minecraft:deepslate":118},"minecraft:killed":{"irons_spellbooks:summoned_zombie":3,"minecraft:spider":7,"alexsmobs:snow_leopard":2,"minecraft:skeleton":2,"minecraft:chicken":7,"alexsmobs:bison":1,"irons_spellbooks:summoned_skeleton":2,"minecraft:pig":1,"minecraft:rabbit":1,"irons_spellbooks:necromancer":3,"minecraft:creeper":3,"minecraft:sheep":3,"alexsmobs:catfish":1,"minecraft:goat":1,"minecraft:zombie":25,"minecraft:stray":5,"alexsmobs:fly":2,"minecraft:enderman":1},"minecraft:killed_by":{"minecraft:player":2,"minecraft:creeper":1,"minecraft:spider":1,"alexsmobs:bison":5,"alexsmobs:tusklin":1,"irons_spellbooks:necromancer":4,"minecraft:skeleton":3,"minecraft:zombie":3,"mowziesmobs:frostmaw":1,"alexsmobs:moose":1}},"DataVersion":3465}