{"stats":{"minecraft:broken":{"minecraft:iron_shovel":1,"minecraft:iron_boots":1,"minecraft:iron_chestplate":1,"minecraft:iron_leggings":1,"minecraft:stone_pickaxe":1,"minecraft:stone_axe":8,"minecraft:iron_sword":2,"minecraft:wooden_axe":1,"minecraft:stone_shovel":1,"minecraft:stone_hoe":1,"minecraft:iron_axe":1,"minecraft:iron_pickaxe":2,"minecraft:iron_helmet":2},"minecraft:custom":{"minecraft:interact_with_crafting_table":123,"minecraft:leave_game":11,"minecraft:time_since_death":5755,"minecraft:sprint_one_cm":1918561,"minecraft:damage_blocked_by_shield":4075,"minecraft:drop":106,"minecraft:play_time":552754,"minecraft:deaths":61,"minecraft:jump":11458,"minecraft:walk_on_water_one_cm":100050,"minecraft:interact_with_furnace":87,"minecraft:sleep_in_bed":12,"minecraft:damage_dealt":42031,"minecraft:player_kills":6,"minecraft:crouch_one_cm":47061,"minecraft:horse_one_cm":10278,"minecraft:mob_kills":225,"minecraft:climb_one_cm":2242,"minecraft:walk_one_cm":1682848,"minecraft:sneak_time":17672,"minecraft:walk_under_water_one_cm":73033,"minecraft:boat_one_cm":254625,"minecraft:total_world_time":552754,"minecraft:time_since_rest":5783,"minecraft:damage_taken":20506,"minecraft:swim_one_cm":174905,"minecraft:fly_one_cm":2194561,"minecraft:open_chest":143,"minecraft:fall_one_cm":358765},"minecraft:dropped":{"minecraft:iron_sword":1,"alexsmobs:fish_bones":1,"minecraft:birch_planks":7,"minecraft:lapis_lazuli":2,"minecraft:cooked_beef":11,"minecraft:glow_ink_sac":6,"minecraft:crafting_table":1,"mowziesmobs:ice_crystal":1,"minecraft:dirt":2,"minecraft:raw_copper_block":1,"minecraft:snowball":7,"irons_spellbooks:arcane_essence":1,"minecraft:gold_ingot":4,"minecraft:bone":20,"minecraft:gravel":6,"minecraft:stone_axe":1,"alexsmobs:animal_dictionary":2,"minecraft:rotten_flesh":2,"minecraft:oak_planks":48,"minecraft:rabbit_hide":1,"minecraft:gunpowder":5,"minecraft:charcoal":2,"minecraft:arrow":1,"world:crystal_10":1,"minecraft:stone_hoe":1,"minecraft:bread":3,"minecraft:oak_slab":6,"minecraft:wheat_seeds":7,"minecraft:feather":15,"minecraft:cobblestone":18,"minecraft:copper_ingot":3,"minecraft:stick":5,"minecraft:wooden_hoe":1,"minecraft:wooden_axe":4,"minecraft:cherry_planks":24,"minecraft:iron_leggings":2,"minecraft:iron_axe":2,"minecraft:pink_petals":9,"minecraft:dandelion":1,"minecraft:furnace":1,"minecraft:raw_iron":1,"minecraft:iron_boots":2,"minecraft:shield":1,"minecraft:iron_chestplate":2,"minecraft:oak_sapling":8,"minecraft:spider_eye":5,"minecraft:birch_boat":1,"minecraft:bow":1,"minecraft:stone_pickaxe":1,"minecraft:wooden_pickaxe":5,"minecraft:calcite":3},"minecraft:picked_up":{"minecraft:iron_chestplate":1,"minecraft:wheat":5,"minecraft:amethyst_block":10,"minecraft:string":21,"minecraft:raw_copper":3,"minecraft:iron_leggings":1,"irons_spellbooks:arcane_essence":39,"minecraft:cobbled_deepslate":169,"minecraft:calcite":3,"minecraft:iron_pickaxe":1,"alexsmobs:raccoon_tail":1,"minecraft:iron_boots":1,"minecraft:furnace":3,"minecraft:tipped_arrow":1,"minecraft:stick":32,"minecraft:torch":18,"minecraft:porkchop":5,"minecraft:cherry_log":314,"minecraft:diorite":84,"minecraft:rotten_flesh":99,"minecraft:end_rod":6,"minecraft:snowball":178,"minecraft:cobblestone":395,"minecraft:birch_log":3,"minecraft:pink_petals":468,"minecraft:feather":25,"minecraft:cooked_beef":1,"minecraft:cherry_planks":277,"minecraft:andesite":21,"alexsmobs:bison_fur":1,"minecraft:flint":2,"minecraft:lapis_lazuli":151,"minecraft:map":1,"minecraft:cherry_door":6,"minecraft:dirt":560,"minecraft:bone":45,"minecraft:bow":4,"minecraft:wheat_seeds":36,"minecraft:rabbit":1,"minecraft:oak_planks":33,"irons_spellbooks:frozen_bone":21,"minecraft:cooked_porkchop":2,"world:crystal_9":1,"minecraft:sand":71,"minecraft:grass_block":1,"alexsmobs:animal_dictionary":2,"world:oak":14,"alexsmobs:kangaroo_hide":2,"minecraft:diamond":3,"alexsmobs:moose_ribs":1,"minecraft:emerald":2,"alexsmobs:maggot":10,"minecraft:oak_sapling":15,"minecraft:charcoal":2,"minecraft:crafting_table":15,"minecraft:azure_bluet":2,"minecraft:chicken":12,"minecraft:brown_mushroom":6,"minecraft:wooden_pickaxe":2,"minecraft:stripped_cherry_log":3,"minecraft:shield":1,"minecraft:cornflower":4,"minecraft:oak_trapdoor":8,"minecraft:iron_axe":2,"minecraft:beef":28,"minecraft:poppy":14,"minecraft:chest":3,"minecraft:raw_copper_block":1,"minecraft:egg":5,"minecraft:raw_iron":84,"minecraft:cherry_stairs":90,"minecraft:redstone":33,"minecraft:arrow":44,"minecraft:hay_block":33,"mowziesmobs:ice_crystal":2,"minecraft:oak_chest_boat":1,"minecraft:mutton":6,"alexsmobs:kangaroo_meat":2,"minecraft:white_wool":5,"minecraft:oxeye_daisy":2,"minecraft:glow_ink_sac":5,"minecraft:leather":12,"minecraft:birch_planks":4,"minecraft:oak_log":34,"minecraft:gunpowder":13,"minecraft:cobblestone_stairs":10,"minecraft:paper":3,"minecraft:white_banner":2,"irons_spellbooks:rare_ink":1,"minecraft:rabbit_hide":2,"minecraft:iron_ingot":2,"minecraft:cooked_chicken":2,"minecraft:iron_sword":2,"minecraft:book":11,"world:crystal_10":5,"minecraft:oak_slab":22,"minecraft:smooth_basalt":8,"minecraft:birch_boat":3,"alexsmobs:fish_bones":1,"minecraft:sweet_berries":8,"minecraft:dandelion":9,"minecraft:gravel":8,"minecraft:amethyst_shard":24,"minecraft:white_bed":19,"minecraft:spider_eye":13,"alexsmobs:raw_catfish":2,"minecraft:oak_wood":3,"minecraft:cherry_sapling":67,"minecraft:coal":84,"minecraft:ender_pearl":4,"minecraft:sunflower":5,"minecraft:wooden_axe":2},"minecraft:crafted":{"minecraft:oak_planks":148,"minecraft:birch_boat":1,"minecraft:cooked_chicken":6,"minecraft:cobblestone_stairs":96,"irons_spellbooks:divine_pearl":1,"minecraft:glass":19,"minecraft:bow":1,"minecraft:iron_boots":3,"minecraft:chest":3,"minecraft:stone_hoe":3,"world:greenstuff":1,"minecraft:oak_slab":6,"minecraft:cooked_porkchop":3,"irons_spellbooks:shriving_stone":1,"minecraft:crafting_table":13,"minecraft:wooden_pickaxe":3,"minecraft:iron_helmet":3,"minecraft:copper_ingot":3,"minecraft:birch_planks":12,"minecraft:book":1,"minecraft:wooden_hoe":1,"minecraft:iron_chestplate":3,"minecraft:shield":2,"minecraft:stick":44,"minecraft:iron_ingot":132,"minecraft:iron_pickaxe":3,"minecraft:gold_ingot":9,"minecraft:cherry_planks":1156,"minecraft:oak_door":3,"minecraft:stone_shovel":2,"minecraft:furnace":4,"minecraft:oak_trapdoor":6,"minecraft:iron_axe":2,"minecraft:cherry_stairs":296,"minecraft:stone_pickaxe":3,"alexsmobs:kangaroo_burger":2,"minecraft:wheat":274,"minecraft:cooked_beef":55,"alexsmobs:cooked_kangaroo_meat":2,"minecraft:iron_sword":1,"minecraft:stone_axe":10,"minecraft:bread":99,"minecraft:air":0,"minecraft:oak_boat":2,"minecraft:oak_chest_boat":1,"minecraft:wooden_axe":2,"minecraft:cherry_door":3,"minecraft:iron_leggings":3,"minecraft:white_bed":1,"minecraft:torch":8},"minecraft:mined":{"minecraft:white_bed":18,"minecraft:cobblestone_stairs":10,"minecraft:cherry_log":314,"minecraft:sculk_vein":6,"minecraft:budding_amethyst":3,"minecraft:grass_block":327,"world:oak":14,"minecraft:oxeye_daisy":2,"minecraft:tall_seagrass":1,"minecraft:sculk_catalyst":1,"minecraft:iron_ore":60,"minecraft:cobbled_deepslate":4,"minecraft:deepslate_lapis_ore":4,"world:pfb_2":2,"minecraft:azure_bluet":3,"minecraft:sculk_shrieker":2,"minecraft:deepslate_redstone_ore":1,"minecraft:brown_mushroom":6,"minecraft:amethyst_cluster":7,"minecraft:powder_snow":83,"minecraft:torch":13,"minecraft:calcite":3,"minecraft:poppy":13,"minecraft:chest":3,"minecraft:cobblestone":47,"minecraft:oak_planks":9,"minecraft:wall_torch":5,"minecraft:amethyst_block":12,"minecraft:pink_petals":156,"minecraft:seagrass":3,"minecraft:birch_log":3,"minecraft:cherry_door":6,"minecraft:grass":168,"minecraft:oak_log":35,"minecraft:sand":73,"minecraft:dirt":120,"minecraft:smooth_basalt":8,"minecraft:oak_leaves":43,"minecraft:deepslate":118,"world:rootssmall_1":1,"minecraft:deepslate_diamond_ore":1,"minecraft:cherry_sapling":1,"minecraft:stripped_cherry_log":3,"minecraft:redstone_wire":1,"minecraft:spruce_leaves":11,"minecraft:hay_block":32,"minecraft:oak_trapdoor":8,"minecraft:furnace":3,"minecraft:snow":1,"minecraft:andesite":21,"minecraft:bookshelf":2,"minecraft:deepslate_iron_ore":23,"minecraft:stone":363,"world:leavesoak":1,"minecraft:cherry_stairs":89,"world:plantforestbig_2":2,"minecraft:oak_slab":18,"world:plantforestbig_1":2,"minecraft:cherry_planks":267,"minecraft:snow_block":4,"minecraft:dandelion":10,"minecraft:crafting_table":15,"minecraft:cornflower":4,"minecraft:emerald_ore":2,"minecraft:oak_wood":3,"minecraft:sculk_sensor":3,"minecraft:campfire":1,"minecraft:tall_grass":44,"minecraft:copper_ore":1,"minecraft:lapis_ore":8,"minecraft:sculk":131,"minecraft:diorite":51,"minecraft:sweet_berry_bush":1,"minecraft:ice":1,"minecraft:birch_leaves":1,"minecraft:bee_nest":1,"minecraft:coal_ore":83,"minecraft:cherry_leaves":75,"minecraft:end_rod":5,"minecraft:sunflower":9,"minecraft:gravel":8},"minecraft:used":{"minecraft:cherry_sapling":63,"minecraft:iron_shovel":256,"minecraft:poppy":7,"minecraft:chest":5,"minecraft:shield":178,"minecraft:iron_sword":352,"minecraft:rotten_flesh":57,"minecraft:iron_chestplate":1,"minecraft:mutton":1,"minecraft:snowball":139,"minecraft:glass":14,"minecraft:bow":1,"minecraft:sweet_berries":8,"minecraft:furnace":6,"minecraft:egg":5,"minecraft:oak_chest_boat":1,"alexsmobs:raw_catfish":2,"minecraft:end_rod":5,"minecraft:diorite":56,"minecraft:stone_pickaxe":179,"minecraft:oak_planks":120,"minecraft:ender_pearl":2,"minecraft:wooden_pickaxe":27,"world:greenstuff":2,"minecraft:bread":20,"minecraft:gravel":1,"minecraft:andesite":2,"minecraft:oak_boat":1,"minecraft:oak_trapdoor":10,"minecraft:stone_shovel":251,"minecraft:redstone":1,"minecraft:stone_hoe":221,"minecraft:cooked_chicken":7,"minecraft:oak_door":3,"minecraft:torch":26,"minecraft:dirt":431,"alexsmobs:moose_ribs":1,"minecraft:wooden_axe":41,"alexsmobs:maggot":9,"minecraft:iron_axe":379,"minecraft:beef":2,"minecraft:cooked_beef":30,"minecraft:cobbled_deepslate":103,"minecraft:cherry_log":28,"minecraft:cobblestone_stairs":104,"minecraft:rabbit":1,"minecraft:birch_boat":3,"minecraft:cherry_planks":824,"minecraft:oak_slab":22,"minecraft:crafting_table":27,"minecraft:white_bed":20,"minecraft:wooden_hoe":4,"minecraft:cornflower":4,"minecraft:cherry_door":9,"minecraft:chicken":5,"minecraft:iron_pickaxe":661,"minecraft:map":1,"minecraft:stone_axe":940,"minecraft:cobblestone":188,"minecraft:cherry_stairs":325,"minecraft:porkchop":5,"minecraft:cooked_porkchop":5,"minecraft:dandelion":2},"minecraft:killed":{"alexsmobs:hummingbird":1,"minecraft:spider":23,"alexsmobs:snow_leopard":3,"mowziesmobs:frostmaw":1,"world:dryad":10,"minecraft:skeleton":29,"minecraft:chicken":12,"alexsmobs:skelewag":3,"irons_spellbooks:summoned_skeleton":5,"alexsmobs:kangaroo":2,"minecraft:pig":1,"minecraft:zombie_villager":1,"alexsmobs:seal":1,"irons_spellbooks:necromancer":7,"minecraft:creeper":5,"minecraft:sheep":4,"minecraft:pillager":3,"minecraft:goat":1,"minecraft:zombie":58,"minecraft:stray":5,"alexsmobs:fly":5,"minecraft:cow":7,"irons_spellbooks:summoned_zombie":4,"alexsmobs:tiger":1,"alexsmobs:raccoon":3,"alexsmobs:seagull":1,"alexsmobs:comb_jelly":1,"alexsmobs:bison":2,"alexsmobs:tusklin":2,"world:goblin":7,"minecraft:rabbit":1,"alexsmobs:catfish":1,"alexsmobs:crocodile":1,"alexsmobs:moose":1,"minecraft:enderman":4},"minecraft:killed_by":{"mowziesmobs:naga":1,"minecraft:zombie_villager":1,"minecraft:creeper":2,"alexsmobs:tusklin":1,"alexsmobs:crocodile":1,"minecraft:zombie":5,"mowziesmobs:frostmaw":2,"world:dryad":1,"minecraft:player":3,"irons_spellbooks:summoned_skeleton":1,"minecraft:spider":3,"minecraft:enderman":1,"alexsmobs:bison":6,"alexsmobs:tiger":2,"irons_spellbooks:necromancer":10,"minecraft:skeleton":6,"alexsmobs:moose":1}},"DataVersion":3465}