{"stats":{"minecraft:broken":{"minecraft:stone_hoe":1,"minecraft:stone_pickaxe":1,"minecraft:iron_axe":1,"minecraft:stone_axe":3,"minecraft:iron_sword":2,"minecraft:iron_pickaxe":1,"minecraft:iron_helmet":1,"minecraft:wooden_axe":1,"minecraft:stone_shovel":1},"minecraft:custom":{"minecraft:mob_kills":165,"minecraft:interact_with_crafting_table":71,"minecraft:leave_game":9,"minecraft:time_since_death":1067,"minecraft:sprint_one_cm":1346808,"minecraft:walk_one_cm":1126195,"minecraft:damage_blocked_by_shield":3135,"minecraft:drop":100,"minecraft:play_time":395224,"minecraft:deaths":45,"minecraft:sneak_time":11883,"minecraft:walk_under_water_one_cm":69660,"minecraft:boat_one_cm":254625,"minecraft:jump":8962,"minecraft:walk_on_water_one_cm":88300,"minecraft:total_world_time":395224,"minecraft:interact_with_furnace":70,"minecraft:sleep_in_bed":8,"minecraft:time_since_rest":1094,"minecraft:damage_taken":15926,"minecraft:damage_dealt":31186,"minecraft:player_kills":6,"minecraft:swim_one_cm":146639,"minecraft:fly_one_cm":1675899,"minecraft:crouch_one_cm":30239,"minecraft:open_chest":83,"minecraft:fall_one_cm":296071,"minecraft:horse_one_cm":2079},"minecraft:dropped":{"minecraft:stone_hoe":1,"minecraft:bread":3,"minecraft:iron_sword":1,"minecraft:oak_slab":6,"alexsmobs:fish_bones":1,"minecraft:birch_planks":7,"minecraft:wheat_seeds":7,"minecraft:lapis_lazuli":2,"minecraft:cooked_beef":11,"minecraft:glow_ink_sac":6,"minecraft:crafting_table":1,"mowziesmobs:ice_crystal":1,"minecraft:feather":15,"minecraft:copper_ingot":3,"minecraft:stick":5,"minecraft:dirt":2,"minecraft:raw_copper_block":1,"minecraft:wooden_hoe":1,"minecraft:wooden_axe":4,"minecraft:snowball":7,"minecraft:iron_leggings":2,"irons_spellbooks:arcane_essence":1,"minecraft:iron_axe":2,"minecraft:pink_petals":9,"minecraft:bone":14,"minecraft:dandelion":1,"minecraft:gold_ingot":4,"minecraft:gravel":6,"minecraft:furnace":1,"minecraft:stone_axe":1,"alexsmobs:animal_dictionary":2,"minecraft:raw_iron":1,"minecraft:rotten_flesh":2,"minecraft:oak_planks":48,"minecraft:iron_boots":2,"minecraft:rabbit_hide":1,"minecraft:shield":1,"minecraft:gunpowder":5,"minecraft:iron_chestplate":2,"minecraft:charcoal":2,"minecraft:oak_sapling":8,"minecraft:spider_eye":5,"minecraft:birch_boat":1,"minecraft:arrow":1,"minecraft:bow":1,"minecraft:stone_pickaxe":1,"minecraft:wooden_pickaxe":5,"minecraft:calcite":3,"world:crystal_10":1},"minecraft:picked_up":{"minecraft:wooden_axe":2,"minecraft:charcoal":2,"minecraft:iron_chestplate":1,"minecraft:crafting_table":11,"minecraft:chicken":11,"minecraft:brown_mushroom":6,"minecraft:wooden_pickaxe":2,"minecraft:shield":1,"minecraft:amethyst_block":10,"minecraft:string":12,"minecraft:raw_copper":3,"minecraft:iron_axe":2,"minecraft:iron_leggings":1,"irons_spellbooks:arcane_essence":33,"minecraft:cobbled_deepslate":169,"minecraft:beef":13,"minecraft:calcite":3,"minecraft:iron_pickaxe":1,"alexsmobs:raccoon_tail":1,"minecraft:chest":3,"minecraft:iron_boots":1,"minecraft:furnace":2,"minecraft:raw_copper_block":1,"minecraft:egg":5,"minecraft:tipped_arrow":1,"minecraft:raw_iron":54,"minecraft:stick":20,"minecraft:torch":4,"minecraft:porkchop":5,"minecraft:cherry_log":106,"minecraft:diorite":84,"minecraft:redstone":33,"minecraft:arrow":32,"minecraft:rotten_flesh":76,"mowziesmobs:ice_crystal":2,"minecraft:end_rod":6,"minecraft:oak_chest_boat":1,"minecraft:cherry_planks":87,"minecraft:mutton":6,"minecraft:snowball":178,"minecraft:white_wool":5,"minecraft:cobblestone":220,"minecraft:birch_log":3,"minecraft:pink_petals":424,"minecraft:feather":25,"minecraft:cooked_beef":1,"minecraft:glow_ink_sac":5,"minecraft:andesite":21,"minecraft:birch_planks":4,"alexsmobs:bison_fur":1,"minecraft:flint":2,"minecraft:oak_log":21,"minecraft:cherry_door":4,"minecraft:gunpowder":9,"minecraft:map":1,"minecraft:lapis_lazuli":151,"minecraft:dirt":306,"minecraft:paper":3,"minecraft:bone":33,"minecraft:bow":2,"minecraft:wheat_seeds":31,"minecraft:rabbit_hide":2,"minecraft:iron_ingot":2,"minecraft:cooked_chicken":2,"minecraft:rabbit":1,"minecraft:oak_planks":33,"minecraft:iron_sword":2,"minecraft:book":5,"world:crystal_10":2,"minecraft:oak_slab":22,"minecraft:smooth_basalt":8,"minecraft:cooked_porkchop":2,"irons_spellbooks:frozen_bone":21,"minecraft:birch_boat":3,"alexsmobs:fish_bones":1,"minecraft:sweet_berries":8,"minecraft:dandelion":1,"minecraft:gravel":8,"minecraft:amethyst_shard":24,"minecraft:white_bed":13,"minecraft:spider_eye":10,"alexsmobs:animal_dictionary":2,"world:oak":14,"alexsmobs:raw_catfish":2,"minecraft:oak_wood":3,"minecraft:diamond":3,"minecraft:cherry_sapling":38,"alexsmobs:moose_ribs":1,"alexsmobs:maggot":9,"minecraft:oak_sapling":15,"minecraft:coal":41,"minecraft:sunflower":4,"minecraft:ender_pearl":2},"minecraft:crafted":{"minecraft:cherry_planks":340,"minecraft:oak_door":3,"minecraft:oak_planks":96,"minecraft:stone_shovel":1,"minecraft:birch_boat":1,"minecraft:cooked_chicken":6,"minecraft:furnace":4,"irons_spellbooks:divine_pearl":1,"minecraft:iron_boots":2,"minecraft:iron_axe":1,"minecraft:stone_pickaxe":3,"minecraft:chest":1,"minecraft:stone_hoe":3,"minecraft:cooked_beef":40,"minecraft:oak_slab":6,"minecraft:cooked_porkchop":3,"irons_spellbooks:shriving_stone":1,"minecraft:crafting_table":11,"minecraft:wooden_pickaxe":3,"minecraft:iron_helmet":2,"minecraft:iron_sword":1,"minecraft:copper_ingot":3,"minecraft:birch_planks":12,"minecraft:stone_axe":5,"minecraft:bread":6,"minecraft:air":0,"minecraft:oak_boat":2,"minecraft:oak_chest_boat":1,"minecraft:iron_chestplate":2,"minecraft:wooden_hoe":1,"minecraft:shield":1,"minecraft:cherry_door":3,"minecraft:stick":40,"minecraft:iron_ingot":76,"minecraft:iron_pickaxe":2,"minecraft:wooden_axe":2,"minecraft:iron_leggings":2,"minecraft:gold_ingot":9,"minecraft:white_bed":1,"minecraft:torch":8},"minecraft:mined":{"world:rootssmall_1":1,"minecraft:white_bed":13,"minecraft:deepslate_diamond_ore":1,"minecraft:sculk_vein":6,"minecraft:cherry_log":106,"minecraft:budding_amethyst":3,"minecraft:grass_block":173,"minecraft:redstone_wire":1,"world:oak":14,"minecraft:spruce_leaves":11,"minecraft:tall_seagrass":1,"minecraft:sculk_catalyst":1,"minecraft:furnace":2,"minecraft:iron_ore":30,"minecraft:cobbled_deepslate":4,"minecraft:snow":1,"minecraft:andesite":21,"minecraft:deepslate_lapis_ore":4,"world:pfb_2":2,"minecraft:azure_bluet":1,"minecraft:sculk_shrieker":2,"minecraft:deepslate_iron_ore":23,"minecraft:stone":202,"world:leavesoak":1,"minecraft:deepslate_redstone_ore":1,"world:plantforestbig_2":2,"minecraft:oak_slab":18,"minecraft:brown_mushroom":6,"minecraft:cherry_planks":87,"world:plantforestbig_1":2,"minecraft:snow_block":4,"minecraft:amethyst_cluster":7,"minecraft:dandelion":1,"minecraft:powder_snow":83,"minecraft:torch":2,"minecraft:crafting_table":11,"minecraft:oak_wood":3,"minecraft:calcite":3,"minecraft:chest":3,"minecraft:sculk_sensor":3,"minecraft:campfire":1,"minecraft:copper_ore":1,"minecraft:tall_grass":34,"minecraft:cobblestone":39,"minecraft:lapis_ore":8,"minecraft:oak_planks":9,"minecraft:sculk":131,"minecraft:wall_torch":3,"minecraft:diorite":51,"minecraft:amethyst_block":12,"minecraft:pink_petals":148,"minecraft:seagrass":3,"minecraft:birch_log":3,"minecraft:sweet_berry_bush":1,"minecraft:ice":1,"minecraft:cherry_door":4,"minecraft:birch_leaves":1,"minecraft:bee_nest":1,"minecraft:grass":145,"minecraft:coal_ore":40,"minecraft:oak_log":21,"minecraft:sunflower":8,"minecraft:cherry_leaves":39,"minecraft:end_rod":5,"minecraft:gravel":8,"minecraft:dirt":55,"minecraft:smooth_basalt":8,"minecraft:oak_leaves":42,"minecraft:deepslate":118},"minecraft:used":{"minecraft:cherry_sapling":37,"minecraft:stone_shovel":231,"minecraft:redstone":1,"minecraft:chest":3,"minecraft:shield":145,"minecraft:iron_sword":352,"minecraft:cooked_chicken":7,"minecraft:rotten_flesh":44,"minecraft:stone_hoe":187,"minecraft:oak_door":3,"minecraft:iron_chestplate":1,"minecraft:torch":12,"minecraft:dirt":198,"minecraft:mutton":1,"alexsmobs:moose_ribs":1,"minecraft:snowball":139,"minecraft:wooden_axe":41,"alexsmobs:maggot":9,"minecraft:iron_axe":188,"minecraft:beef":2,"minecraft:sweet_berries":8,"minecraft:furnace":5,"minecraft:egg":5,"minecraft:cherry_log":21,"minecraft:cooked_beef":30,"minecraft:cobbled_deepslate":103,"minecraft:oak_chest_boat":1,"alexsmobs:raw_catfish":2,"minecraft:diorite":56,"minecraft:end_rod":5,"minecraft:rabbit":1,"minecraft:stone_pickaxe":179,"minecraft:oak_planks":120,"minecraft:ender_pearl":2,"minecraft:wooden_pickaxe":27,"minecraft:birch_boat":3,"minecraft:cherry_planks":352,"minecraft:oak_slab":22,"minecraft:crafting_table":22,"minecraft:white_bed":14,"minecraft:cherry_door":6,"minecraft:wooden_hoe":4,"minecraft:chicken":5,"minecraft:iron_pickaxe":404,"minecraft:map":1,"minecraft:bread":3,"minecraft:gravel":1,"minecraft:stone_axe":373,"minecraft:cobblestone":126,"minecraft:porkchop":5,"minecraft:cooked_porkchop":5,"minecraft:andesite":2,"minecraft:oak_boat":1},"minecraft:killed":{"alexsmobs:hummingbird":1,"irons_spellbooks:summoned_zombie":3,"alexsmobs:tiger":1,"alexsmobs:raccoon":3,"minecraft:spider":14,"alexsmobs:snow_leopard":3,"alexsmobs:seagull":1,"mowziesmobs:frostmaw":1,"world:dryad":3,"minecraft:skeleton":22,"minecraft:chicken":11,"alexsmobs:comb_jelly":1,"alexsmobs:bison":2,"alexsmobs:tusklin":2,"alexsmobs:skelewag":3,"irons_spellbooks:summoned_skeleton":4,"world:goblin":6,"minecraft:pig":1,"alexsmobs:seal":1,"minecraft:rabbit":1,"irons_spellbooks:necromancer":6,"minecraft:creeper":3,"minecraft:sheep":4,"alexsmobs:catfish":1,"minecraft:goat":1,"minecraft:zombie":46,"minecraft:stray":5,"alexsmobs:moose":1,"alexsmobs:fly":5,"minecraft:enderman":2},"minecraft:killed_by":{"minecraft:player":3,"minecraft:creeper":1,"minecraft:spider":1,"alexsmobs:bison":6,"alexsmobs:tusklin":1,"alexsmobs:tiger":2,"irons_spellbooks:necromancer":5,"minecraft:skeleton":5,"minecraft:zombie":4,"mowziesmobs:frostmaw":2,"world:dryad":1,"alexsmobs:moose":1,"mowziesmobs:naga":1}},"DataVersion":3465}