{"stats":{"minecraft:picked_up":{"minecraft:wooden_axe":2,"minecraft:crafting_table":2,"minecraft:iron_chestplate":9,"minecraft:wheat":20,"minecraft:chicken":5,"minecraft:brown_mushroom":3,"minecraft:wooden_pickaxe":1,"minecraft:shield":12,"alexsmobs:cooked_catfish":18,"minecraft:string":70,"minecraft:iron_axe":4,"minecraft:iron_leggings":5,"minecraft:iron_shovel":5,"minecraft:cobbled_deepslate":8,"minecraft:spruce_planks":79,"minecraft:beef":8,"alexsmobs:raccoon_tail":1,"minecraft:iron_pickaxe":10,"minecraft:light_gray_wool":10,"minecraft:furnace":6,"minecraft:iron_boots":9,"minecraft:egg":3,"minecraft:stick":236,"minecraft:raw_iron":89,"minecraft:sandstone":14,"minecraft:oak_door":6,"minecraft:oak_fence":2,"minecraft:torch":60,"minecraft:porkchop":13,"minecraft:pointed_dripstone":2,"minecraft:diorite":54,"minecraft:stone_sword":1,"minecraft:arrow":13,"minecraft:rotten_flesh":20,"minecraft:stone_shovel":1,"alexsmobs:flying_fish_boots":1,"minecraft:mutton":5,"minecraft:rail":2,"alexsmobs:flying_fish":12,"minecraft:white_wool":10,"minecraft:cobblestone":301,"minecraft:oxeye_daisy":3,"minecraft:magma_block":5,"minecraft:feather":6,"minecraft:andesite":4,"minecraft:leather":17,"minecraft:potato":1,"alexsmobs:bear_fur":4,"minecraft:flint":2,"minecraft:light_gray_dye":1,"minecraft:oak_log":78,"minecraft:lily_pad":42,"minecraft:gunpowder":6,"minecraft:wooden_hoe":2,"minecraft:lapis_lazuli":6,"minecraft:dirt":183,"minecraft:bone":19,"minecraft:apple":8,"minecraft:wheat_seeds":60,"minecraft:raw_gold":1,"minecraft:stone_pickaxe":11,"minecraft:iron_ingot":5,"minecraft:iron_sword":3,"minecraft:oak_planks":154,"minecraft:cooked_porkchop":1,"minecraft:sweet_berries":35,"securitycraft:dirt_mine":1,"minecraft:dripstone_block":3,"minecraft:sand":38,"minecraft:gravel":53,"minecraft:spruce_sapling":1,"minecraft:spruce_log":29,"alexsmobs:animal_dictionary":1,"minecraft:spider_eye":8,"alexsmobs:raw_catfish":83,"minecraft:diamond":2,"minecraft:spruce_boat":6,"minecraft:stone_axe":9,"minecraft:iron_helmet":4,"minecraft:granite":15,"minecraft:bread":18,"minecraft:oak_sapling":56,"minecraft:black_wool":2,"minecraft:coal":33},"minecraft:used":{"minecraft:oak_fence":2,"minecraft:stone_sword":33,"minecraft:iron_shovel":5,"minecraft:stone_shovel":129,"minecraft:chest":3,"minecraft:shield":34,"minecraft:iron_sword":14,"minecraft:oak_door":2,"minecraft:iron_chestplate":4,"minecraft:torch":55,"minecraft:dirt":8,"minecraft:mutton":4,"minecraft:granite":3,"minecraft:spruce_boat":6,"minecraft:iron_axe":95,"minecraft:iron_helmet":1,"minecraft:iron_boots":1,"minecraft:light_gray_wool":2,"securitycraft:sand_mine":1,"minecraft:bow":6,"minecraft:sweet_berries":40,"securitycraft:dirt_mine":2,"minecraft:oak_sapling":2,"minecraft:furnace":5,"minecraft:egg":3,"minecraft:potato":1,"minecraft:iron_leggings":1,"minecraft:wheat_seeds":59,"alexsmobs:raw_catfish":7,"alexsmobs:cooked_catfish":41,"minecraft:diorite":4,"minecraft:stone_pickaxe":243,"minecraft:oak_planks":20,"alexsmobs:flying_fish_boots":1,"minecraft:wooden_pickaxe":6,"minecraft:rail":2,"minecraft:crafting_table":5,"minecraft:spider_eye":2,"minecraft:white_bed":1,"minecraft:wooden_hoe":57,"minecraft:black_wool":1,"minecraft:apple":8,"minecraft:bread":5,"minecraft:chicken":1,"minecraft:string":2,"minecraft:iron_pickaxe":172,"minecraft:gravel":3,"minecraft:stone_axe":331,"minecraft:cobblestone":85,"minecraft:porkchop":8,"minecraft:cooked_porkchop":4,"minecraft:andesite":2,"alexsmobs:animal_dictionary":2,"minecraft:bone_meal":52},"minecraft:killed":{"minecraft:cave_spider":6,"minecraft:witch":1,"alexsmobs:raccoon":3,"minecraft:spider":6,"minecraft:skeleton":11,"minecraft:chicken":5,"alexsmobs:flying_fish":6,"minecraft:pig":6,"alexsmobs:grizzly_bear":2,"alexsmobs:seal":1,"minecraft:frog":4,"minecraft:creeper":2,"minecraft:sheep":3,"alexsmobs:catfish":38,"minecraft:zombie":14,"alexsmobs:cockroach":1,"alexsmobs:terrapin":1,"alexsmobs:fly":1,"alexsmobs:crow":2,"minecraft:cow":5},"minecraft:killed_by":{"minecraft:player":4,"minecraft:cave_spider":1,"minecraft:skeleton":2,"alexsmobs:grizzly_bear":1},"minecraft:broken":{"minecraft:stone_pickaxe":1,"minecraft:stone_axe":4,"minecraft:iron_sword":1,"minecraft:stone_shovel":1},"minecraft:custom":{"minecraft:mob_kills":123,"minecraft:interact_with_crafting_table":70,"minecraft:leave_game":4,"minecraft:time_since_death":1320,"minecraft:climb_one_cm":12963,"minecraft:sprint_one_cm":829924,"minecraft:walk_one_cm":415964,"minecraft:damage_blocked_by_shield":910,"minecraft:drop":90,"minecraft:play_time":224326,"minecraft:sneak_time":5335,"minecraft:deaths":12,"minecraft:walk_under_water_one_cm":118138,"minecraft:boat_one_cm":190097,"minecraft:jump":3901,"minecraft:walk_on_water_one_cm":108848,"minecraft:total_world_time":224326,"minecraft:interact_with_furnace":69,"minecraft:sleep_in_bed":2,"minecraft:time_since_rest":1346,"minecraft:damage_taken":5944,"minecraft:damage_dealt":19093,"minecraft:player_kills":5,"minecraft:swim_one_cm":315095,"minecraft:fly_one_cm":708248,"minecraft:open_chest":53,"minecraft:crouch_one_cm":9067,"minecraft:fall_one_cm":104449},"minecraft:dropped":{"minecraft:brown_mushroom":3,"minecraft:wheat_seeds":1,"minecraft:cooked_porkchop":2,"minecraft:cobblestone":34,"minecraft:granite":3,"alexsmobs:flying_fish_boots":1,"minecraft:diorite":11,"minecraft:torch":1,"minecraft:wooden_axe":2,"alexsmobs:flying_fish":8,"minecraft:iron_leggings":1,"alexsmobs:cooked_catfish":19,"minecraft:lily_pad":34,"minecraft:stone_axe":5,"minecraft:sweet_berries":3,"minecraft:stone_sword":1,"alexsmobs:animal_dictionary":1,"minecraft:raw_iron":2,"minecraft:rotten_flesh":5,"minecraft:iron_boots":1,"minecraft:shield":2,"minecraft:spruce_planks":9,"minecraft:iron_chestplate":1,"minecraft:oak_sapling":1,"minecraft:spider_eye":4,"minecraft:spruce_log":13,"minecraft:stone_pickaxe":1},"minecraft:mined":{"minecraft:spruce_planks":2,"minecraft:oak_sapling":2,"minecraft:deepslate_diamond_ore":1,"minecraft:oak_door":1,"minecraft:granite":5,"minecraft:grass_block":23,"minecraft:spruce_leaves":14,"minecraft:oxeye_daisy":3,"minecraft:sandstone":17,"minecraft:spawner":2,"minecraft:large_fern":1,"minecraft:tall_seagrass":7,"minecraft:magma_block":5,"minecraft:furnace":3,"minecraft:fire":4,"minecraft:iron_ore":57,"minecraft:andesite":2,"minecraft:deepslate_iron_ore":9,"minecraft:vine":3,"minecraft:stone":200,"minecraft:tripwire":2,"minecraft:crafting_table":3,"minecraft:torch":3,"minecraft:tall_grass":3,"minecraft:cobblestone":20,"minecraft:lily_pad":8,"minecraft:oak_planks":1,"minecraft:diorite":36,"minecraft:wall_torch":2,"minecraft:seagrass":1,"minecraft:wheat":11,"minecraft:sweet_berry_bush":14,"minecraft:spruce_log":16,"minecraft:birch_leaves":1,"minecraft:light_gray_wool":2,"securitycraft:dirt_mine":1,"minecraft:grass":62,"minecraft:oak_log":77,"minecraft:coal_ore":37,"minecraft:dripstone_block":2,"minecraft:sand":4,"minecraft:gravel":59,"minecraft:dirt":83,"minecraft:cobweb":18,"minecraft:gold_ore":1,"minecraft:deepslate":4,"minecraft:oak_leaves":15},"minecraft:crafted":{"minecraft:oak_door":3,"securitycraft:mine":3,"minecraft:oak_planks":320,"minecraft:stone_shovel":1,"minecraft:cooked_chicken":4,"minecraft:furnace":1,"minecraft:light_gray_wool":2,"minecraft:bone_meal":51,"minecraft:bow":1,"minecraft:iron_boots":1,"minecraft:iron_axe":1,"minecraft:stone_pickaxe":2,"minecraft:chest":3,"minecraft:spruce_boat":2,"alexsmobs:cooked_catfish":62,"alexsmobs:flying_fish_boots":2,"securitycraft:sand_mine":1,"minecraft:cooked_porkchop":6,"minecraft:crafting_table":4,"minecraft:spruce_planks":64,"minecraft:wooden_pickaxe":1,"minecraft:iron_helmet":1,"securitycraft:cobblestone_mine":1,"minecraft:stone_axe":5,"minecraft:bread":6,"minecraft:air":0,"securitycraft:dirt_mine":1,"minecraft:oak_boat":2,"minecraft:iron_chestplate":1,"minecraft:wooden_hoe":1,"minecraft:charcoal":8,"minecraft:shield":1,"minecraft:stick":28,"minecraft:iron_ingot":30,"minecraft:iron_pickaxe":1,"minecraft:wooden_axe":1,"minecraft:stone_sword":1,"minecraft:iron_leggings":1,"minecraft:light_gray_dye":3,"minecraft:white_bed":1,"minecraft:torch":32}},"DataVersion":3465}