{"stats":{"minecraft:broken":{"minecraft:stone_pickaxe":1,"minecraft:stone_axe":4},"minecraft:used":{"minecraft:stone_shovel":73,"minecraft:chest":1,"minecraft:shield":4,"minecraft:torch":23,"minecraft:dirt":6,"minecraft:spruce_boat":6,"minecraft:iron_axe":11,"minecraft:bow":6,"minecraft:sweet_berries":40,"minecraft:furnace":5,"minecraft:oak_sapling":2,"minecraft:egg":3,"minecraft:potato":1,"minecraft:iron_leggings":1,"alexsmobs:raw_catfish":2,"alexsmobs:cooked_catfish":22,"minecraft:diorite":3,"minecraft:stone_pickaxe":228,"minecraft:oak_planks":3,"minecraft:wooden_pickaxe":6,"minecraft:crafting_table":4,"minecraft:white_bed":1,"minecraft:black_wool":1,"minecraft:apple":8,"minecraft:chicken":1,"minecraft:string":1,"minecraft:iron_pickaxe":4,"minecraft:stone_axe":317,"minecraft:cobblestone":62,"minecraft:cooked_porkchop":4,"minecraft:porkchop":2,"minecraft:andesite":2,"alexsmobs:animal_dictionary":2},"minecraft:custom":{"minecraft:mob_kills":85,"minecraft:interact_with_crafting_table":42,"minecraft:leave_game":1,"minecraft:time_since_death":105385,"minecraft:climb_one_cm":10489,"minecraft:sprint_one_cm":453326,"minecraft:walk_one_cm":236945,"minecraft:damage_blocked_by_shield":60,"minecraft:drop":64,"minecraft:play_time":130665,"minecraft:deaths":3,"minecraft:sneak_time":2029,"minecraft:walk_under_water_one_cm":63560,"minecraft:boat_one_cm":190097,"minecraft:jump":1965,"minecraft:walk_on_water_one_cm":48485,"minecraft:total_world_time":130665,"minecraft:interact_with_furnace":56,"minecraft:sleep_in_bed":1,"minecraft:time_since_rest":10204,"minecraft:damage_taken":2345,"minecraft:damage_dealt":12765,"minecraft:player_kills":2,"minecraft:swim_one_cm":163819,"minecraft:fly_one_cm":271371,"minecraft:open_chest":3,"minecraft:crouch_one_cm":4412,"minecraft:fall_one_cm":41557},"minecraft:killed_by":{"minecraft:player":1,"minecraft:skeleton":2},"minecraft:crafted":{"minecraft:oak_planks":312,"minecraft:stone_shovel":1,"minecraft:cooked_chicken":4,"minecraft:furnace":1,"minecraft:bow":1,"minecraft:iron_boots":1,"minecraft:iron_axe":1,"minecraft:stone_pickaxe":2,"minecraft:chest":1,"minecraft:spruce_boat":2,"alexsmobs:cooked_catfish":62,"minecraft:cooked_porkchop":6,"minecraft:crafting_table":3,"minecraft:spruce_planks":64,"minecraft:wooden_pickaxe":1,"minecraft:iron_helmet":1,"minecraft:stone_axe":3,"minecraft:air":0,"minecraft:iron_chestplate":1,"minecraft:charcoal":8,"minecraft:shield":1,"minecraft:stick":24,"minecraft:iron_ingot":27,"minecraft:iron_pickaxe":1,"minecraft:wooden_axe":1,"minecraft:iron_leggings":1,"minecraft:light_gray_dye":3,"minecraft:white_bed":1,"minecraft:torch":32},"minecraft:dropped":{"minecraft:brown_mushroom":3,"minecraft:cooked_porkchop":2,"minecraft:cobblestone":32,"minecraft:diorite":7,"minecraft:torch":1,"minecraft:wooden_axe":2,"alexsmobs:cooked_catfish":19,"minecraft:lily_pad":34,"minecraft:stone_axe":3,"minecraft:sweet_berries":3,"alexsmobs:animal_dictionary":1,"minecraft:raw_iron":2,"minecraft:rotten_flesh":5,"minecraft:spruce_planks":9,"minecraft:oak_sapling":1,"minecraft:spider_eye":3,"minecraft:spruce_log":13,"minecraft:stone_pickaxe":1},"minecraft:mined":{"minecraft:spruce_planks":2,"minecraft:oak_sapling":2,"minecraft:granite":1,"minecraft:grass_block":13,"minecraft:spruce_leaves":11,"minecraft:oxeye_daisy":3,"minecraft:large_fern":1,"minecraft:tall_seagrass":7,"minecraft:furnace":3,"minecraft:iron_ore":40,"minecraft:andesite":2,"minecraft:vine":3,"minecraft:stone":116,"minecraft:tripwire":1,"minecraft:crafting_table":2,"minecraft:torch":2,"minecraft:tall_grass":2,"minecraft:cobblestone":7,"minecraft:lily_pad":8,"minecraft:diorite":30,"minecraft:wall_torch":2,"minecraft:seagrass":1,"minecraft:sweet_berry_bush":14,"minecraft:spruce_log":16,"minecraft:grass":14,"minecraft:oak_log":77,"minecraft:coal_ore":27,"minecraft:gravel":5,"minecraft:dirt":65,"minecraft:gold_ore":1,"minecraft:oak_leaves":8},"minecraft:killed":{"minecraft:witch":1,"alexsmobs:raccoon":2,"minecraft:spider":4,"minecraft:skeleton":9,"minecraft:chicken":5,"alexsmobs:flying_fish":1,"minecraft:pig":3,"alexsmobs:seal":1,"minecraft:frog":4,"minecraft:creeper":1,"minecraft:sheep":1,"alexsmobs:catfish":33,"alexsmobs:cockroach":1,"minecraft:zombie":8,"alexsmobs:fly":1,"alexsmobs:crow":2,"minecraft:cow":4},"minecraft:picked_up":{"minecraft:wooden_axe":2,"minecraft:crafting_table":1,"minecraft:chicken":5,"minecraft:brown_mushroom":3,"minecraft:wooden_pickaxe":1,"minecraft:string":4,"minecraft:spruce_planks":79,"minecraft:beef":6,"minecraft:furnace":6,"minecraft:egg":3,"minecraft:stick":45,"minecraft:raw_iron":39,"minecraft:torch":12,"minecraft:porkchop":5,"minecraft:diorite":49,"minecraft:arrow":7,"minecraft:rotten_flesh":8,"minecraft:mutton":1,"alexsmobs:flying_fish":1,"minecraft:white_wool":4,"minecraft:cobblestone":200,"minecraft:oxeye_daisy":3,"minecraft:feather":6,"minecraft:andesite":4,"minecraft:leather":1,"minecraft:potato":1,"minecraft:oak_log":78,"minecraft:lily_pad":42,"minecraft:gunpowder":2,"minecraft:lapis_lazuli":6,"minecraft:dirt":104,"minecraft:bone":13,"minecraft:apple":8,"minecraft:wheat_seeds":3,"minecraft:raw_gold":1,"minecraft:iron_ingot":5,"minecraft:stone_pickaxe":5,"minecraft:cooked_porkchop":1,"minecraft:sweet_berries":35,"minecraft:spruce_sapling":1,"minecraft:spruce_log":29,"alexsmobs:animal_dictionary":1,"minecraft:spider_eye":3,"alexsmobs:raw_catfish":70,"minecraft:spruce_boat":6,"minecraft:stone_axe":7,"minecraft:granite":3,"minecraft:oak_sapling":56,"minecraft:black_wool":1,"minecraft:coal":23}},"DataVersion":3465}