{"stats":{"minecraft:picked_up":{"minecraft:wooden_axe":4,"irons_spellbooks:scroll":1,"minecraft:iron_chestplate":21,"minecraft:birch_door":3,"minecraft:wheat":111,"irons_spellbooks:amethyst_resonance_charm":6,"minecraft:nether_brick":10,"minecraft:amethyst_block":32,"mowziesmobs:spear":1,"minecraft:string":112,"minecraft:soul_soil":2,"minecraft:raw_copper":86,"irons_spellbooks:graybeard_staff":4,"minecraft:iron_leggings":16,"irons_spellbooks:arcane_essence":7,"minecraft:gold_nugget":46,"minecraft:cobbled_deepslate":80,"minecraft:bucket":3,"minecraft:spruce_planks":81,"minecraft:cobblestone_slab":179,"minecraft:iron_pickaxe":38,"alexsmobs:raccoon_tail":1,"minecraft:iron_boots":22,"minecraft:furnace":7,"minecraft:stick":406,"minecraft:oak_fence":2,"minecraft:torch":72,"minecraft:porkchop":13,"minecraft:pointed_dripstone":2,"minecraft:diorite":66,"minecraft:stone_sword":5,"minecraft:rotten_flesh":52,"alexsmobs:flying_fish_boots":10,"minecraft:cod":17,"irons_spellbooks:copper_spell_book":6,"alexsmobs:lobster_tail":42,"alexsmobs:flying_fish":25,"minecraft:cobblestone":1730,"minecraft:magma_block":9,"minecraft:feather":24,"minecraft:cooked_beef":13,"minecraft:water_bucket":8,"minecraft:andesite":31,"minecraft:potato":1,"alexsmobs:bear_fur":4,"alexsmobs:bison_fur":4,"minecraft:flint":6,"minecraft:tuff":7,"minecraft:light_gray_dye":1,"minecraft:lapis_lazuli":118,"minecraft:dirt":521,"minecraft:bone":41,"minecraft:wheat_seeds":470,"minecraft:raw_gold":9,"minecraft:glowstone_dust":32,"minecraft:oak_planks":428,"minecraft:cooked_porkchop":3,"securitycraft:dirt_mine":1,"minecraft:sand":93,"alexsmobs:animal_dictionary":1,"alexsmobs:kangaroo_hide":6,"minecraft:diamond":13,"minecraft:spruce_boat":6,"minecraft:granite":52,"minecraft:bone_meal":8,"minecraft:grass":17,"minecraft:golden_horse_armor":1,"minecraft:bread":20,"alexsmobs:maggot":3,"minecraft:oak_sapling":89,"minecraft:netherrack":95,"minecraft:oak_leaves":501,"minecraft:diamond_pickaxe":1,"minecraft:crafting_table":4,"minecraft:azure_bluet":1,"minecraft:chicken":16,"minecraft:chest_minecart":2,"irons_spellbooks:tarnished_helmet":1,"minecraft:brown_mushroom":3,"minecraft:wooden_pickaxe":8,"minecraft:pink_wool":3,"minecraft:chain":2,"minecraft:shield":22,"alexsmobs:cooked_catfish":18,"minecraft:oak_trapdoor":48,"minecraft:iron_axe":10,"minecraft:flint_and_steel":2,"minecraft:iron_shovel":8,"minecraft:beef":13,"minecraft:oak_boat":5,"minecraft:iron_nugget":7,"minecraft:poppy":1,"minecraft:light_gray_wool":11,"minecraft:chest":4,"alexsmobs:cooked_lobster_tail":19,"minecraft:sugar_cane":24,"minecraft:egg":14,"minecraft:raw_iron":334,"minecraft:sandstone":14,"minecraft:oak_door":16,"minecraft:copper_ingot":15,"alexsmobs:straddlite":1,"minecraft:tnt":3,"minecraft:stone_shovel":1,"minecraft:arrow":45,"minecraft:shears":3,"minecraft:gold_ingot":9,"minecraft:mutton":9,"minecraft:bone_block":1,"minecraft:rail":11,"alexsmobs:kangaroo_meat":10,"minecraft:white_wool":11,"minecraft:oxeye_daisy":3,"minecraft:birch_leaves":68,"minecraft:basalt":69,"minecraft:glow_ink_sac":5,"minecraft:leather":29,"minecraft:oak_log":239,"minecraft:lily_pad":138,"minecraft:golden_boots":2,"minecraft:nether_wart_block":2,"minecraft:gunpowder":17,"minecraft:cobblestone_stairs":1,"minecraft:wooden_hoe":2,"minecraft:apple":8,"minecraft:kelp":8,"minecraft:iron_ingot":44,"minecraft:stone_pickaxe":15,"minecraft:cooked_chicken":1,"minecraft:glass_bottle":1,"mowziesmobs:thatch_block":3,"minecraft:iron_sword":10,"minecraft:soul_sand":4,"minecraft:book":8,"minecraft:pink_bed":1,"minecraft:birch_boat":2,"minecraft:sweet_berries":35,"minecraft:quartz":16,"minecraft:dripstone_block":5,"minecraft:gravel":63,"minecraft:lava_bucket":3,"minecraft:amethyst_shard":4,"minecraft:spruce_sapling":1,"minecraft:spruce_log":29,"minecraft:spider_eye":20,"alexsmobs:raw_catfish":108,"minecraft:stone_axe":15,"minecraft:iron_helmet":15,"minecraft:black_wool":2,"minecraft:coal":145,"minecraft:hopper":1,"minecraft:ender_pearl":1},"minecraft:used":{"minecraft:iron_shovel":263,"minecraft:chest":8,"minecraft:shield":82,"minecraft:iron_sword":349,"minecraft:rotten_flesh":6,"minecraft:iron_chestplate":8,"minecraft:soul_sand":2,"minecraft:mutton":4,"minecraft:obsidian":5,"minecraft:spruce_boat":6,"minecraft:glass":1,"minecraft:lava_bucket":5,"alexsmobs:lobster_tail":1,"alexsmobs:cooked_lobster_tail":19,"minecraft:iron_helmet":5,"mowziesmobs:spear":72,"minecraft:magma_block":4,"minecraft:bow":6,"minecraft:sweet_berries":40,"minecraft:cooked_cod":7,"minecraft:oak_sapling":6,"minecraft:furnace":8,"minecraft:egg":12,"minecraft:potato":1,"minecraft:golden_boots":3,"alexsmobs:raw_catfish":25,"minecraft:diorite":7,"minecraft:birch_leaves":68,"minecraft:oak_planks":239,"minecraft:stone_pickaxe":583,"alexsmobs:flying_fish_boots":3,"minecraft:wooden_pickaxe":23,"irons_spellbooks:tarnished_helmet":1,"minecraft:sugar_cane":22,"minecraft:oak_leaves":364,"minecraft:glow_berries":4,"minecraft:sand":8,"minecraft:shears":476,"minecraft:string":2,"minecraft:bread":27,"minecraft:gravel":5,"minecraft:andesite":14,"minecraft:oak_boat":5,"minecraft:bone_meal":65,"minecraft:oak_fence":18,"minecraft:oak_trapdoor":68,"minecraft:stone_sword":82,"minecraft:stone_shovel":129,"minecraft:cooked_chicken":3,"minecraft:netherrack":95,"minecraft:oak_door":13,"minecraft:torch":167,"minecraft:dirt":328,"minecraft:hopper":4,"minecraft:granite":20,"alexsmobs:maggot":3,"minecraft:iron_axe":278,"minecraft:iron_boots":6,"minecraft:basalt":68,"minecraft:light_gray_wool":3,"securitycraft:sand_mine":1,"minecraft:soul_soil":1,"securitycraft:dirt_mine":2,"minecraft:cooked_beef":14,"minecraft:cobbled_deepslate":13,"minecraft:iron_leggings":7,"minecraft:wheat_seeds":157,"minecraft:cooked_mutton":4,"alexsmobs:cooked_catfish":41,"minecraft:water_bucket":135,"minecraft:amethyst_block":4,"minecraft:cobblestone_stairs":5,"minecraft:cobblestone_slab":164,"minecraft:rail":2,"minecraft:tnt":4,"minecraft:crafting_table":15,"minecraft:spider_eye":2,"mowziesmobs:thatch_block":1,"minecraft:white_bed":1,"minecraft:cod":4,"alexsmobs:flying_fish":2,"minecraft:black_wool":1,"minecraft:wooden_hoe":57,"minecraft:diamond_pickaxe":81,"minecraft:apple":8,"minecraft:chicken":6,"minecraft:iron_pickaxe":1582,"minecraft:pink_bed":2,"minecraft:stone_axe":444,"minecraft:cobblestone":812,"minecraft:porkchop":8,"minecraft:cooked_porkchop":4,"minecraft:bucket":144,"alexsmobs:animal_dictionary":2},"minecraft:killed":{"alexsmobs:hummingbird":1,"alexsmobs:lobster":44,"minecraft:cave_spider":6,"minecraft:witch":2,"minecraft:zombified_piglin":2,"minecraft:spider":17,"minecraft:cod":16,"minecraft:dolphin":1,"minecraft:skeleton":23,"minecraft:chicken":16,"alexsmobs:straddler":1,"alexsmobs:skelewag":1,"irons_spellbooks:summoned_skeleton":3,"alexsmobs:kangaroo":3,"minecraft:piglin":1,"minecraft:pig":6,"alexsmobs:grizzly_bear":2,"alexsmobs:seal":1,"irons_spellbooks:necromancer":1,"minecraft:creeper":5,"minecraft:sheep":5,"minecraft:zombie":34,"alexsmobs:terrapin":2,"alexsmobs:fly":2,"minecraft:blaze":1,"minecraft:cow":5,"irons_spellbooks:summoned_zombie":1,"alexsmobs:raccoon":4,"alexsmobs:seagull":2,"minecraft:slime":1,"minecraft:drowned":4,"alexsmobs:frilled_shark":2,"alexsmobs:flying_fish":13,"mowziesmobs:grottol":1,"minecraft:frog":4,"alexsmobs:catfish":42,"alexsmobs:cockroach":1,"alexsmobs:crow":3,"minecraft:wither_skeleton":1,"minecraft:enderman":2},"minecraft:killed_by":{"minecraft:zombified_piglin":1,"minecraft:creeper":2,"alexsmobs:straddler":1,"alexsmobs:cachalot_whale":2,"minecraft:piglin":2,"minecraft:cave_spider":1,"alexsmobs:grizzly_bear":1,"alexsmobs:giant_squid":1,"minecraft:player":5,"minecraft:spider":1,"minecraft:enderman":2,"alexsmobs:bison":1,"minecraft:skeleton":4},"minecraft:broken":{"minecraft:iron_shovel":1,"minecraft:shears":2,"minecraft:stone_pickaxe":3,"minecraft:stone_axe":5,"minecraft:iron_sword":1,"minecraft:stone_shovel":1,"minecraft:shield":1,"mowziesmobs:spear":1,"minecraft:iron_pickaxe":5},"minecraft:custom":{"minecraft:animals_bred":9,"minecraft:interact_with_crafting_table":243,"minecraft:leave_game":11,"minecraft:time_since_death":0,"minecraft:sprint_one_cm":2247594,"minecraft:damage_blocked_by_shield":2680,"minecraft:drop":129,"minecraft:talked_to_villager":1,"minecraft:play_time":731806,"minecraft:deaths":34,"minecraft:jump":10885,"minecraft:walk_on_water_one_cm":330918,"minecraft:enchant_item":8,"minecraft:interact_with_furnace":209,"minecraft:sleep_in_bed":14,"minecraft:damage_dealt":41375,"minecraft:player_kills":7,"minecraft:crouch_one_cm":91903,"minecraft:mob_kills":288,"minecraft:inspect_hopper":27,"minecraft:climb_one_cm":14269,"minecraft:walk_one_cm":1520616,"minecraft:sneak_time":30950,"minecraft:walk_under_water_one_cm":482825,"minecraft:boat_one_cm":860419,"minecraft:total_world_time":731806,"minecraft:time_since_rest":532,"minecraft:damage_taken":14787,"minecraft:swim_one_cm":847021,"minecraft:fly_one_cm":2172195,"minecraft:open_chest":376,"minecraft:fall_one_cm":245093},"minecraft:dropped":{"minecraft:iron_sword":1,"minecraft:brown_mushroom":3,"minecraft:diamond":2,"minecraft:cooked_porkchop":2,"irons_spellbooks:tarnished_helmet":1,"alexsmobs:flying_fish_boots":2,"minecraft:cod":1,"alexsmobs:flying_fish":8,"irons_spellbooks:arcane_essence":4,"alexsmobs:cooked_catfish":19,"minecraft:iron_pickaxe":1,"minecraft:gold_ingot":4,"minecraft:stone_axe":5,"alexsmobs:animal_dictionary":1,"minecraft:rotten_flesh":5,"minecraft:oak_planks":11,"minecraft:bread":5,"minecraft:wheat_seeds":2,"minecraft:book":10,"minecraft:feather":2,"minecraft:cobblestone":34,"minecraft:granite":3,"minecraft:stick":3,"minecraft:lava_bucket":2,"irons_spellbooks:scroll":1,"minecraft:diorite":11,"minecraft:torch":1,"minecraft:wooden_axe":2,"minecraft:iron_leggings":1,"minecraft:lily_pad":43,"minecraft:kelp":4,"minecraft:sweet_berries":3,"minecraft:stone_sword":1,"minecraft:raw_iron":2,"irons_spellbooks:graybeard_staff":1,"minecraft:iron_boots":1,"minecraft:shield":2,"minecraft:spruce_planks":9,"minecraft:iron_chestplate":1,"minecraft:oak_sapling":4,"minecraft:spider_eye":4,"minecraft:spruce_log":13,"minecraft:stone_pickaxe":2},"minecraft:mined":{"minecraft:large_amethyst_bud":3,"minecraft:spruce_planks":2,"minecraft:oak_sapling":3,"minecraft:pink_bed":1,"minecraft:cobblestone_stairs":1,"minecraft:granite":28,"minecraft:budding_amethyst":4,"minecraft:grass_block":204,"minecraft:soul_soil":1,"minecraft:oxeye_daisy":3,"minecraft:spawner":2,"minecraft:tall_seagrass":13,"minecraft:magma_block":12,"minecraft:glowstone":11,"minecraft:iron_ore":184,"minecraft:cobbled_deepslate":3,"minecraft:fire":8,"minecraft:azure_bluet":1,"minecraft:tripwire":2,"minecraft:soul_fire":2,"minecraft:medium_amethyst_bud":2,"minecraft:kelp_plant":2,"minecraft:amethyst_cluster":1,"minecraft:torch":4,"minecraft:poppy":1,"minecraft:chest":1,"minecraft:nether_quartz_ore":16,"minecraft:cobblestone":152,"minecraft:oak_planks":12,"minecraft:sugar_cane":14,"minecraft:wall_torch":2,"minecraft:amethyst_block":18,"minecraft:seagrass":8,"mowziesmobs:thatch_block":1,"minecraft:chain":1,"minecraft:nether_wart_block":1,"minecraft:wheat":116,"minecraft:light_gray_wool":2,"minecraft:tnt":2,"minecraft:grass":185,"minecraft:oak_log":243,"minecraft:sand":29,"minecraft:dirt":226,"minecraft:netherrack":97,"minecraft:deepslate":49,"minecraft:oak_leaves":512,"minecraft:nether_gold_ore":10,"minecraft:tuff":7,"minecraft:deepslate_diamond_ore":4,"minecraft:oak_door":11,"minecraft:spruce_leaves":14,"minecraft:kelp":1,"minecraft:sandstone":17,"minecraft:large_fern":1,"minecraft:oak_trapdoor":4,"minecraft:furnace":4,"minecraft:andesite":26,"minecraft:deepslate_iron_ore":15,"minecraft:cobblestone_slab":74,"minecraft:vine":3,"minecraft:rail":7,"minecraft:stone":1208,"minecraft:bone_block":1,"minecraft:soul_sand":2,"minecraft:basalt":80,"minecraft:crafting_table":5,"minecraft:cornflower":1,"minecraft:copper_ore":10,"minecraft:tall_grass":41,"minecraft:lapis_ore":4,"minecraft:lily_pad":24,"minecraft:diorite":48,"minecraft:sweet_berry_bush":14,"minecraft:spruce_log":16,"minecraft:birch_leaves":72,"minecraft:bee_nest":3,"securitycraft:dirt_mine":1,"minecraft:coal_ore":98,"minecraft:gravel":73,"minecraft:dripstone_block":2,"minecraft:cobweb":18,"minecraft:gold_ore":9},"minecraft:crafted":{"securitycraft:mine":3,"minecraft:oak_planks":944,"minecraft:cobblestone_slab":126,"minecraft:pink_bed":1,"minecraft:cooked_chicken":6,"minecraft:chain":1,"minecraft:cobblestone_stairs":4,"minecraft:cooked_mutton":4,"minecraft:glass":1,"minecraft:hopper":4,"minecraft:bow":1,"minecraft:iron_boots":5,"minecraft:chest":11,"alexsmobs:cooked_catfish":62,"minecraft:oak_fence":15,"minecraft:golden_boots":2,"minecraft:wooden_shovel":2,"securitycraft:sand_mine":1,"irons_spellbooks:copper_spell_book":1,"minecraft:cooked_porkchop":6,"minecraft:crafting_table":10,"minecraft:spruce_planks":64,"minecraft:wooden_pickaxe":2,"minecraft:iron_helmet":5,"minecraft:copper_ingot":17,"minecraft:tnt":2,"minecraft:diamond_pickaxe":1,"minecraft:iron_chestplate":4,"minecraft:book":5,"minecraft:wooden_hoe":1,"minecraft:paper":21,"minecraft:charcoal":13,"minecraft:pink_wool":3,"minecraft:shield":5,"minecraft:stick":92,"minecraft:iron_ingot":191,"minecraft:iron_pickaxe":9,"minecraft:stone_sword":2,"minecraft:gold_ingot":32,"minecraft:light_gray_dye":3,"irons_spellbooks:amethyst_resonance_charm":1,"minecraft:shears":3,"minecraft:oak_door":6,"minecraft:stone_shovel":1,"minecraft:iron_nugget":9,"minecraft:furnace":3,"minecraft:light_gray_wool":2,"minecraft:bone_meal":72,"irons_spellbooks:graybeard_staff":2,"minecraft:pink_dye":3,"minecraft:oak_trapdoor":86,"minecraft:iron_axe":3,"minecraft:stone_pickaxe":5,"minecraft:spruce_boat":2,"mowziesmobs:spear":1,"alexsmobs:flying_fish_boots":5,"minecraft:cooked_beef":6,"minecraft:sugar":1,"minecraft:cooked_cod":7,"alexsmobs:cooked_lobster_tail":25,"minecraft:iron_sword":2,"minecraft:bucket":4,"securitycraft:cobblestone_mine":1,"minecraft:stone_axe":8,"minecraft:air":0,"minecraft:bread":36,"securitycraft:dirt_mine":1,"minecraft:oak_boat":5,"minecraft:wooden_axe":1,"minecraft:iron_shovel":1,"minecraft:iron_leggings":5,"mowziesmobs:thatch_block":1,"minecraft:white_bed":1,"minecraft:torch":140}},"DataVersion":3465}