{"stats":{"minecraft:picked_up":{"minecraft:wooden_axe":3,"minecraft:iron_chestplate":4,"minecraft:crafting_table":6,"minecraft:chicken":5,"minecraft:wooden_pickaxe":1,"minecraft:oak_stairs":3,"minecraft:shield":14,"alexsmobs:cooked_catfish":1,"minecraft:string":6,"minecraft:iron_axe":8,"minecraft:iron_leggings":1,"minecraft:iron_shovel":5,"minecraft:spruce_planks":1,"minecraft:beef":2,"minecraft:iron_pickaxe":8,"minecraft:light_gray_wool":2,"minecraft:sugar_cane":76,"minecraft:chest":4,"minecraft:egg":4,"minecraft:iron_boots":3,"minecraft:furnace":2,"minecraft:stick":42,"minecraft:raw_iron":27,"minecraft:sandstone":2,"minecraft:oak_door":2,"minecraft:oak_fence":8,"minecraft:torch":51,"minecraft:pointed_dripstone":5,"minecraft:diorite":9,"minecraft:stone_sword":1,"minecraft:arrow":24,"minecraft:rotten_flesh":14,"alexsmobs:flying_fish_boots":1,"minecraft:mutton":7,"minecraft:rail":1,"minecraft:white_wool":5,"minecraft:cobblestone":287,"minecraft:magma_block":10,"minecraft:feather":27,"minecraft:cooked_beef":7,"minecraft:water_bucket":3,"minecraft:andesite":6,"minecraft:leather":1,"minecraft:flint":2,"minecraft:lily_pad":8,"minecraft:oak_log":34,"minecraft:gunpowder":11,"minecraft:lapis_lazuli":6,"minecraft:dirt":107,"minecraft:glass":25,"minecraft:bone":52,"minecraft:wheat_seeds":13,"minecraft:stone_pickaxe":1,"minecraft:iron_ingot":15,"minecraft:oak_planks":359,"minecraft:sweet_berries":2,"minecraft:dandelion":1,"minecraft:gravel":94,"minecraft:sand":123,"minecraft:ink_sac":1,"minecraft:spruce_log":3,"minecraft:spider_eye":2,"alexsmobs:animal_dictionary":5,"alexsmobs:raw_catfish":65,"minecraft:stone_axe":1,"minecraft:spruce_boat":1,"minecraft:iron_helmet":2,"minecraft:granite":11,"minecraft:oak_sapling":55,"minecraft:coal":62,"minecraft:ender_pearl":1},"minecraft:used":{"minecraft:iron_shovel":79,"minecraft:chest":8,"minecraft:shield":46,"minecraft:rotten_flesh":2,"minecraft:iron_chestplate":1,"minecraft:oak_door":7,"minecraft:torch":2,"minecraft:dirt":15,"minecraft:mutton":3,"minecraft:granite":1,"minecraft:spruce_boat":1,"minecraft:glass":25,"minecraft:iron_axe":116,"minecraft:oak_stairs":7,"minecraft:iron_helmet":1,"minecraft:iron_boots":1,"minecraft:beef":1,"minecraft:sweet_berries":2,"minecraft:furnace":3,"minecraft:egg":4,"minecraft:cooked_beef":9,"alexsmobs:raw_catfish":28,"minecraft:water_bucket":6,"alexsmobs:cooked_catfish":3,"minecraft:oak_planks":58,"alexsmobs:flying_fish_boots":1,"minecraft:white_wool":2,"minecraft:sand":58,"minecraft:rail":1,"minecraft:crafting_table":8,"minecraft:chicken":2,"minecraft:string":1,"minecraft:iron_pickaxe":191,"minecraft:stone_axe":1,"minecraft:cobblestone":113,"minecraft:bucket":6,"alexsmobs:animal_dictionary":2,"minecraft:oak_boat":3},"minecraft:killed":{"minecraft:cave_spider":1,"minecraft:witch":1,"minecraft:spider":1,"alexsmobs:tasmanian_devil":1,"alexsmobs:seagull":1,"minecraft:skeleton":1,"minecraft:chicken":4,"minecraft:frog":1,"minecraft:sheep":4,"alexsmobs:catfish":8,"minecraft:zombie":3,"minecraft:enderman":1,"minecraft:cow":1},"minecraft:killed_by":{"minecraft:player":1,"minecraft:creeper":1,"alexsmobs:elephant":1,"minecraft:slime":1,"minecraft:cave_spider":1,"minecraft:skeleton":3},"minecraft:custom":{"minecraft:mob_kills":29,"minecraft:interact_with_crafting_table":20,"minecraft:leave_game":5,"minecraft:time_since_death":1634,"minecraft:climb_one_cm":3117,"minecraft:sprint_one_cm":543432,"minecraft:walk_one_cm":263058,"minecraft:damage_blocked_by_shield":700,"minecraft:drop":9,"minecraft:play_time":134813,"minecraft:deaths":9,"minecraft:sneak_time":2659,"minecraft:walk_under_water_one_cm":22440,"minecraft:boat_one_cm":116415,"minecraft:jump":2881,"minecraft:walk_on_water_one_cm":47806,"minecraft:total_world_time":134813,"minecraft:interact_with_furnace":29,"minecraft:sleep_in_bed":1,"minecraft:time_since_rest":1726,"minecraft:damage_taken":3567,"minecraft:damage_dealt":4930,"minecraft:swim_one_cm":146754,"minecraft:fly_one_cm":599660,"minecraft:player_kills":1,"minecraft:open_chest":20,"minecraft:crouch_one_cm":5448,"minecraft:fall_one_cm":77562},"minecraft:dropped":{"minecraft:ender_pearl":1,"minecraft:iron_helmet":1,"minecraft:ink_sac":1,"minecraft:iron_axe":1,"minecraft:dandelion":1,"minecraft:oak_planks":128,"minecraft:shield":1,"minecraft:gunpowder":1},"minecraft:mined":{"minecraft:oak_door":2,"minecraft:granite":5,"minecraft:grass_block":11,"minecraft:iron_ore":15,"minecraft:andesite":5,"minecraft:pointed_dripstone":5,"minecraft:rail":1,"minecraft:oak_stairs":3,"minecraft:stone":110,"minecraft:dandelion":2,"minecraft:oak_fence":4,"minecraft:crafting_table":3,"minecraft:torch":1,"minecraft:chest":2,"minecraft:dead_bush":1,"minecraft:glass":1,"minecraft:tall_grass":4,"minecraft:cobblestone":31,"minecraft:lily_pad":1,"minecraft:sugar_cane":11,"minecraft:oak_planks":11,"minecraft:diorite":2,"minecraft:sweet_berry_bush":1,"minecraft:spruce_log":3,"minecraft:grass":20,"minecraft:oak_log":25,"minecraft:coal_ore":15,"minecraft:sand":65,"minecraft:dirt":14,"minecraft:oak_leaves":9,"minecraft:fern":1},"minecraft:crafted":{"minecraft:oak_door":6,"minecraft:oak_planks":96,"minecraft:furnace":1,"minecraft:iron_boots":1,"minecraft:iron_axe":3,"minecraft:chest":4,"minecraft:spruce_boat":1,"alexsmobs:cooked_catfish":5,"minecraft:cooked_beef":6,"minecraft:crafting_table":5,"minecraft:spruce_planks":12,"minecraft:bucket":1,"minecraft:air":0,"minecraft:oak_boat":3,"minecraft:iron_chestplate":1,"minecraft:shield":2,"minecraft:stick":20,"minecraft:iron_ingot":30,"minecraft:iron_pickaxe":1,"minecraft:oak_stairs":4,"minecraft:iron_shovel":1,"minecraft:torch":16}},"DataVersion":3465}