{"stats":{"minecraft:picked_up":{"minecraft:wooden_axe":3,"minecraft:crafting_table":9,"minecraft:iron_chestplate":7,"minecraft:chicken":5,"minecraft:wooden_pickaxe":1,"minecraft:oak_stairs":3,"minecraft:shield":22,"alexsmobs:cooked_catfish":5,"minecraft:string":55,"minecraft:iron_axe":11,"minecraft:iron_leggings":1,"minecraft:iron_shovel":5,"minecraft:bucket":2,"minecraft:spruce_planks":1,"minecraft:beef":2,"minecraft:iron_pickaxe":12,"minecraft:light_gray_wool":2,"minecraft:sugar_cane":76,"minecraft:chest":4,"minecraft:furnace":2,"minecraft:iron_boots":3,"minecraft:egg":4,"minecraft:stick":59,"minecraft:raw_iron":30,"minecraft:sandstone":9,"minecraft:oak_door":3,"minecraft:oak_fence":29,"minecraft:torch":141,"minecraft:pointed_dripstone":5,"minecraft:diorite":31,"minecraft:stone_sword":3,"minecraft:arrow":35,"minecraft:rotten_flesh":22,"alexsmobs:flying_fish_boots":2,"minecraft:mutton":7,"minecraft:rail":4,"minecraft:white_wool":5,"minecraft:cobblestone":389,"minecraft:magma_block":22,"minecraft:feather":27,"minecraft:cooked_beef":7,"minecraft:water_bucket":5,"minecraft:andesite":6,"minecraft:leather":1,"minecraft:flint":8,"minecraft:light_gray_dye":6,"minecraft:oak_log":72,"minecraft:lily_pad":8,"minecraft:gunpowder":23,"minecraft:lapis_lazuli":6,"minecraft:dirt":182,"minecraft:glass":25,"minecraft:bone":82,"minecraft:apple":1,"minecraft:wheat_seeds":17,"securitycraft:cobblestone_mine":2,"minecraft:stone_pickaxe":1,"minecraft:iron_ingot":26,"minecraft:oak_planks":567,"minecraft:birch_boat":1,"minecraft:sweet_berries":2,"minecraft:dandelion":1,"minecraft:gravel":236,"minecraft:sand":140,"minecraft:ink_sac":1,"minecraft:spruce_log":3,"alexsmobs:animal_dictionary":5,"minecraft:spider_eye":7,"alexsmobs:raw_catfish":65,"minecraft:spruce_boat":1,"minecraft:stone_axe":3,"minecraft:iron_helmet":3,"minecraft:granite":20,"minecraft:emerald":1,"minecraft:oak_sapling":58,"minecraft:coal":102,"minecraft:ender_pearl":1},"minecraft:used":{"minecraft:oak_fence":3,"minecraft:stone_sword":37,"minecraft:iron_shovel":79,"minecraft:chest":8,"minecraft:shield":50,"minecraft:rotten_flesh":5,"minecraft:oak_door":7,"minecraft:iron_chestplate":1,"minecraft:torch":24,"minecraft:dirt":51,"minecraft:mutton":3,"minecraft:granite":1,"minecraft:spruce_boat":1,"minecraft:glass":25,"minecraft:iron_axe":133,"minecraft:oak_stairs":7,"minecraft:iron_helmet":1,"minecraft:iron_boots":2,"minecraft:magma_block":1,"minecraft:beef":1,"minecraft:sweet_berries":2,"minecraft:furnace":3,"minecraft:egg":4,"minecraft:cooked_beef":9,"alexsmobs:raw_catfish":28,"alexsmobs:cooked_catfish":6,"minecraft:water_bucket":6,"minecraft:diorite":64,"minecraft:stone_pickaxe":4,"minecraft:oak_planks":58,"alexsmobs:flying_fish_boots":1,"minecraft:sandstone":9,"minecraft:white_wool":2,"securitycraft:cobblestone_mine":1,"minecraft:sand":75,"minecraft:rail":1,"minecraft:crafting_table":8,"minecraft:apple":1,"minecraft:chicken":2,"minecraft:string":1,"minecraft:iron_pickaxe":199,"minecraft:gravel":48,"minecraft:stone_axe":57,"minecraft:cobblestone":115,"minecraft:andesite":2,"minecraft:bucket":7,"minecraft:oak_boat":3,"alexsmobs:animal_dictionary":2},"minecraft:killed":{"minecraft:cave_spider":6,"minecraft:witch":1,"minecraft:spider":3,"alexsmobs:tasmanian_devil":1,"alexsmobs:seagull":1,"minecraft:skeleton":2,"minecraft:chicken":4,"minecraft:frog":1,"minecraft:creeper":1,"minecraft:sheep":4,"alexsmobs:catfish":8,"minecraft:zombie":5,"minecraft:enderman":1,"minecraft:cow":1},"minecraft:killed_by":{"minecraft:player":2,"minecraft:creeper":1,"minecraft:spider":1,"alexsmobs:elephant":1,"minecraft:slime":1,"minecraft:cave_spider":1,"minecraft:skeleton":3,"minecraft:zombie":2,"alexsmobs:grizzly_bear":1},"minecraft:custom":{"minecraft:mob_kills":40,"minecraft:interact_with_crafting_table":24,"minecraft:leave_game":6,"minecraft:time_since_death":22441,"minecraft:climb_one_cm":3117,"minecraft:sprint_one_cm":656381,"minecraft:walk_one_cm":362504,"minecraft:damage_blocked_by_shield":850,"minecraft:drop":32,"minecraft:play_time":181238,"minecraft:sneak_time":6264,"minecraft:deaths":14,"minecraft:walk_under_water_one_cm":35709,"minecraft:boat_one_cm":227458,"minecraft:jump":3564,"minecraft:walk_on_water_one_cm":64156,"minecraft:total_world_time":181238,"minecraft:interact_with_furnace":45,"minecraft:sleep_in_bed":1,"minecraft:time_since_rest":22473,"minecraft:damage_taken":5253,"minecraft:damage_dealt":6956,"minecraft:player_kills":3,"minecraft:swim_one_cm":165527,"minecraft:fly_one_cm":734170,"minecraft:open_chest":53,"minecraft:crouch_one_cm":12447,"minecraft:fall_one_cm":92178},"minecraft:dropped":{"minecraft:ender_pearl":1,"minecraft:iron_helmet":3,"securitycraft:cobblestone_mine":1,"minecraft:coal":10,"minecraft:stick":4,"minecraft:ink_sac":1,"minecraft:iron_leggings":1,"minecraft:iron_axe":2,"minecraft:iron_pickaxe":1,"minecraft:iron_shovel":1,"minecraft:dandelion":1,"minecraft:stone_axe":1,"minecraft:stone_sword":2,"minecraft:rotten_flesh":1,"minecraft:oak_planks":180,"minecraft:iron_boots":1,"minecraft:shield":6,"minecraft:gunpowder":1,"minecraft:iron_chestplate":1,"minecraft:light_gray_dye":2},"minecraft:mined":{"minecraft:oak_door":3,"minecraft:granite":5,"minecraft:grass_block":12,"minecraft:iron_ore":18,"minecraft:fire":8,"minecraft:andesite":5,"minecraft:pointed_dripstone":5,"minecraft:rail":2,"minecraft:oak_stairs":3,"minecraft:stone":111,"minecraft:dandelion":2,"minecraft:oak_fence":9,"minecraft:crafting_table":3,"minecraft:torch":1,"minecraft:chest":2,"minecraft:dead_bush":1,"minecraft:glass":1,"minecraft:tall_grass":7,"minecraft:cobblestone":39,"minecraft:lily_pad":1,"minecraft:sugar_cane":11,"minecraft:oak_planks":11,"minecraft:diorite":2,"minecraft:wheat":9,"minecraft:sweet_berry_bush":1,"minecraft:spruce_log":3,"minecraft:grass":26,"minecraft:oak_log":59,"minecraft:coal_ore":15,"minecraft:gravel":1,"minecraft:sand":67,"minecraft:dirt":17,"minecraft:cobweb":4,"minecraft:oak_leaves":22,"minecraft:fern":1},"minecraft:crafted":{"minecraft:oak_door":6,"minecraft:oak_planks":224,"minecraft:furnace":1,"minecraft:iron_boots":2,"minecraft:iron_axe":3,"minecraft:stone_pickaxe":1,"minecraft:chest":4,"minecraft:spruce_boat":1,"alexsmobs:cooked_catfish":5,"minecraft:cooked_beef":6,"minecraft:crafting_table":5,"minecraft:spruce_planks":12,"minecraft:bucket":1,"minecraft:stone_axe":1,"minecraft:air":0,"minecraft:oak_boat":3,"minecraft:iron_chestplate":1,"minecraft:shield":3,"minecraft:stick":32,"minecraft:iron_ingot":30,"minecraft:iron_pickaxe":1,"minecraft:oak_stairs":4,"minecraft:iron_shovel":1,"minecraft:gold_ingot":1,"minecraft:torch":16}},"DataVersion":3465}