{"stats":{"minecraft:picked_up":{"minecraft:charcoal":8,"minecraft:crafting_table":2,"minecraft:andesite":24,"minecraft:flint":3,"minecraft:string":7,"minecraft:dirt":24,"minecraft:raw_copper":23,"minecraft:bone":3,"minecraft:wheat_seeds":4,"minecraft:spruce_planks":51,"minecraft:stone_pickaxe":3,"minecraft:poppy":3,"minecraft:raw_iron":10,"minecraft:sweet_berries":85,"minecraft:torch":13,"minecraft:gravel":16,"minecraft:porkchop":11,"minecraft:spruce_sapling":6,"minecraft:diorite":5,"minecraft:spruce_log":36,"minecraft:spider_eye":2,"alexsmobs:animal_dictionary":1,"minecraft:arrow":2,"minecraft:rotten_flesh":9,"minecraft:stone_axe":2,"minecraft:granite":17,"minecraft:coal":66,"minecraft:cobblestone":399},"minecraft:mined":{"minecraft:spruce_planks":1,"minecraft:crafting_table":2,"minecraft:granite":17,"minecraft:grass_block":5,"minecraft:poppy":1,"minecraft:copper_ore":7,"minecraft:spruce_leaves":9,"minecraft:diorite":5,"minecraft:wall_torch":11,"minecraft:large_fern":6,"minecraft:iron_ore":10,"minecraft:sweet_berry_bush":24,"minecraft:spruce_log":31,"minecraft:andesite":24,"minecraft:grass":1,"minecraft:coal_ore":66,"minecraft:gravel":18,"minecraft:dirt":16,"minecraft:cobweb":1,"minecraft:stone":361,"minecraft:fern":4},"minecraft:killed":{"minecraft:cave_spider":2,"minecraft:pig":2,"minecraft:spider":4,"minecraft:skeleton":2,"minecraft:zombie":8,"alexsmobs:fly":1},"minecraft:dropped":{"minecraft:wheat_seeds":1,"minecraft:raw_copper":14,"minecraft:stone_pickaxe":1},"minecraft:custom":{"minecraft:interact_with_furnace":16,"minecraft:mob_kills":19,"minecraft:interact_with_crafting_table":19,"minecraft:leave_game":9,"minecraft:time_since_death":0,"minecraft:time_since_rest":63,"minecraft:sprint_one_cm":155637,"minecraft:damage_taken":2445,"minecraft:walk_one_cm":229498,"minecraft:drop":16,"minecraft:damage_dealt":3189,"minecraft:fly_one_cm":90489,"minecraft:crouch_one_cm":344,"minecraft:play_time":85493,"minecraft:deaths":6,"minecraft:sneak_time":128,"minecraft:walk_under_water_one_cm":79,"minecraft:jump":711,"minecraft:walk_on_water_one_cm":4518,"minecraft:total_world_time":85493,"minecraft:fall_one_cm":25205},"minecraft:killed_by":{"minecraft:skeleton":1,"minecraft:zombie":2},"minecraft:crafted":{"minecraft:cooked_porkchop":5,"minecraft:crafting_table":5,"minecraft:spruce_planks":60,"minecraft:wooden_pickaxe":1,"minecraft:furnace":1,"minecraft:stone_axe":1,"minecraft:air":0,"minecraft:charcoal":14,"minecraft:stick":24,"minecraft:stone_pickaxe":4,"minecraft:stone_sword":1,"minecraft:torch":44},"minecraft:used":{"minecraft:stone_sword":29,"minecraft:stone_pickaxe":524,"minecraft:spruce_planks":1,"minecraft:wooden_pickaxe":14,"minecraft:rotten_flesh":6,"minecraft:torch":56,"minecraft:dirt":1,"minecraft:crafting_table":6,"minecraft:spider_eye":1,"minecraft:spruce_log":1,"minecraft:gravel":10,"minecraft:stone_axe":74,"minecraft:cobblestone":30,"minecraft:sweet_berries":60,"minecraft:furnace":1,"minecraft:cooked_porkchop":4,"alexsmobs:animal_dictionary":2},"minecraft:broken":{"minecraft:stone_pickaxe":4}},"DataVersion":3465}